email,name
user1@example.com,Anna Olsson
user2@example.com,Kristina Persson
user3@example.com,Anna Larsson
user4@example.com,Anna Svensson
user5@example.com,Karin Andersson
user6@example.com,Erik Olsson
user7@example.com,Maria Persson
user8@example.com,Lars Olsson
user9@example.com,Eva Svensson
user10@example.com,Erik Svensson
user11@example.com,Per Andersson
user12@example.com,Johan Olsson
user13@example.com,Per Svensson
user14@example.com,Kristina Persson
user15@example.com,Eva Olsson
user16@example.com,Erik Andersson
user17@example.com,Johan Larsson
user18@example.com,Karl Johansson
user19@example.com,Per Larsson
user20@example.com,Per Nilsson
user21@example.com,Karl Andersson
user22@example.com,Anna Svensson
user23@example.com,Anna Larsson
user24@example.com,Johan Persson
user25@example.com,Lars Andersson
user26@example.com,Johan Larsson
user27@example.com,Karin Persson
user28@example.com,Per Larsson
user29@example.com,Karin Larsson
user30@example.com,Maria Persson
user31@example.com,Johan Persson
user32@example.com,Erik Johansson
user33@example.com,Per Johansson
user34@example.com,Kristina Svensson
user35@example.com,Maria Larsson
user36@example.com,Karl Persson
user37@example.com,Kristina Persson
user38@example.com,Karin Andersson
user39@example.com,Karin Svensson
user40@example.com,Per Andersson
user41@example.com,Karl Nilsson
user42@example.com,Eva Nilsson
user43@example.com,Erik Andersson
user44@example.com,Karin Persson
user45@example.com,Anna Nilsson
user46@example.com,Anna Nilsson
user47@example.com,Eva Andersson
user48@example.com,Karin Johansson
user49@example.com,Karin Andersson
user50@example.com,Johan Olsson
user51@example.com,Kristina Svensson
user52@example.com,Kristina Johansson
user53@example.com,Maria Svensson
user54@example.com,Erik Svensson
user55@example.com,Lars Svensson
user56@example.com,Anna Larsson
user57@example.com,Karin Andersson
user58@example.com,Karl Svensson
user59@example.com,Per Svensson
user60@example.com,Anna Johansson
user61@example.com,Kristina Larsson
user62@example.com,Erik Persson
user63@example.com,Per Andersson
user64@example.com,Eva Nilsson
user65@example.com,Per Larsson
user66@example.com,Maria Nilsson
user67@example.com,Karin Olsson
user68@example.com,Eva Olsson
user69@example.com,Anna Svensson
user70@example.com,Erik Nilsson
user71@example.com,Per Larsson
user72@example.com,Johan Larsson
user73@example.com,Eva Persson
user74@example.com,Karin Persson
user75@example.com,Per Nilsson
user76@example.com,Erik Persson
user77@example.com,Johan Olsson
user78@example.com,Erik Larsson
user79@example.com,Karl Johansson
user80@example.com,Karl Andersson
user81@example.com,Kristina Olsson
user82@example.com,Erik Andersson
user83@example.com,Johan Persson
user84@example.com,Per Johansson
user85@example.com,Karl Svensson
user86@example.com,Anna Persson
user87@example.com,Lars Johansson
user88@example.com,Eva Olsson
user89@example.com,Per Olsson
user90@example.com,Karl Andersson
user91@example.com,Eva Svensson
user92@example.com,Per Johansson
user93@example.com,Kristina Olsson
user94@example.com,Anna Larsson
user95@example.com,Lars Svensson
user96@example.com,Karl Persson
user97@example.com,Maria Andersson
user98@example.com,Maria Johansson
user99@example.com,Anna Johansson
user100@example.com,Kristina Svensson
user101@example.com,Anna Svensson
user102@example.com,Erik Nilsson
user103@example.com,Erik Larsson
user104@example.com,Lars Larsson
user105@example.com,Maria Andersson
user106@example.com,Erik Olsson
user107@example.com,Karl Larsson
user108@example.com,Karl Andersson
user109@example.com,Eva Larsson
user110@example.com,Anna Nilsson
user111@example.com,Per Johansson
user112@example.com,Lars Andersson
user113@example.com,Johan Olsson
user114@example.com,Per Persson
user115@example.com,Karin Nilsson
user116@example.com,Lars Johansson
user117@example.com,Kristina Olsson
user118@example.com,Kristina Persson
user119@example.com,Anna Svensson
user120@example.com,Erik Svensson
user121@example.com,Johan Johansson
user122@example.com,Per Larsson
user123@example.com,Erik Larsson
user124@example.com,Johan Persson
user125@example.com,Per Persson
user126@example.com,Per Persson
user127@example.com,Eva Olsson
user128@example.com,Erik Johansson
user129@example.com,Anna Johansson
user130@example.com,Anna Nilsson
user131@example.com,Maria Andersson
user132@example.com,Eva Olsson
user133@example.com,Karin Johansson
user134@example.com,Per Svensson
user135@example.com,Lars Nilsson
user136@example.com,Eva Olsson
user137@example.com,Karl Larsson
user138@example.com,Erik Persson
user139@example.com,Karl Johansson
user140@example.com,Karl Olsson
user141@example.com,Maria Persson
user142@example.com,Karin Svensson
user143@example.com,Lars Svensson
user144@example.com,Kristina Andersson
user145@example.com,Lars Larsson
user146@example.com,Karl Persson
user147@example.com,Johan Nilsson
user148@example.com,Eva Larsson
user149@example.com,Kristina Johansson
user150@example.com,Eva Persson
user151@example.com,Maria Persson
user152@example.com,Maria Nilsson
user153@example.com,Maria Nilsson
user154@example.com,Maria Olsson
user155@example.com,Karl Johansson
user156@example.com,Anna Olsson
user157@example.com,Lars Andersson
user158@example.com,Lars Larsson
user159@example.com,Anna Johansson
user160@example.com,Karl Andersson
user161@example.com,Erik Nilsson
user162@example.com,Karin Persson
user163@example.com,Erik Olsson
user164@example.com,Karin Nilsson
user165@example.com,Kristina Johansson
user166@example.com,Kristina Persson
user167@example.com,Karl Nilsson
user168@example.com,Lars Johansson
user169@example.com,Johan Nilsson
user170@example.com,Anna Nilsson
user171@example.com,Karin Svensson
user172@example.com,Maria Svensson
user173@example.com,Per Persson
user174@example.com,Karin Larsson
user175@example.com,Lars Larsson
user176@example.com,Lars Johansson
user177@example.com,Lars Persson
user178@example.com,Eva Olsson
user179@example.com,Erik Johansson
user180@example.com,Erik Larsson
user181@example.com,Lars Olsson
user182@example.com,Maria Andersson
user183@example.com,Eva Larsson
user184@example.com,Karl Nilsson
user185@example.com,Lars Svensson
user186@example.com,Eva Johansson
user187@example.com,Lars Andersson
user188@example.com,Johan Svensson
user189@example.com,Kristina Olsson
user190@example.com,Maria Andersson
user191@example.com,Kristina Persson
user192@example.com,Lars Andersson
user193@example.com,Eva Johansson
user194@example.com,Anna Johansson
user195@example.com,Maria Johansson
user196@example.com,Eva Nilsson
user197@example.com,Maria Olsson
user198@example.com,Lars Persson
user199@example.com,Kristina Larsson
user200@example.com,Maria Olsson
user201@example.com,Eva Olsson
user202@example.com,Per Svensson
user203@example.com,Karin Larsson
user204@example.com,Maria Persson
user205@example.com,Eva Johansson
user206@example.com,Maria Andersson
user207@example.com,Karl Persson
user208@example.com,Johan Nilsson
user209@example.com,Eva Nilsson
user210@example.com,Johan Andersson
user211@example.com,Johan Andersson
user212@example.com,Karl Olsson
user213@example.com,Erik Persson
user214@example.com,Kristina Andersson
user215@example.com,Anna Persson
user216@example.com,Lars Nilsson
user217@example.com,Eva Larsson
user218@example.com,Anna Nilsson
user219@example.com,Kristina Johansson
user220@example.com,Karin Olsson
user221@example.com,Maria Svensson
user222@example.com,Per Andersson
user223@example.com,Lars Andersson
user224@example.com,Kristina Johansson
user225@example.com,Per Larsson
user226@example.com,Eva Persson
user227@example.com,Karin Larsson
user228@example.com,Kristina Andersson
user229@example.com,Eva Johansson
user230@example.com,Erik Olsson
user231@example.com,Eva Larsson
user232@example.com,Eva Larsson
user233@example.com,Maria Larsson
user234@example.com,Erik Persson
user235@example.com,Karl Svensson
user236@example.com,Anna Larsson
user237@example.com,Maria Johansson
user238@example.com,Per Andersson
user239@example.com,Karl Svensson
user240@example.com,Karl Larsson
user241@example.com,Eva Nilsson
user242@example.com,Kristina Svensson
user243@example.com,Erik Svensson
user244@example.com,Maria Johansson
user245@example.com,Anna Olsson
user246@example.com,Per Svensson
user247@example.com,Karl Nilsson
user248@example.com,Lars Johansson
user249@example.com,Johan Nilsson
user250@example.com,Lars Larsson
user251@example.com,Karin Andersson
user252@example.com,Lars Svensson
user253@example.com,Karin Nilsson
user254@example.com,Lars Persson
user255@example.com,Anna Nilsson
user256@example.com,Per Andersson
user257@example.com,Johan Svensson
user258@example.com,Johan Andersson
user259@example.com,Erik Andersson
user260@example.com,Johan Persson
user261@example.com,Anna Andersson
user262@example.com,Kristina Larsson
user263@example.com,Erik Johansson
user264@example.com,Karin Johansson
user265@example.com,Karl Olsson
user266@example.com,Anna Persson
user267@example.com,Kristina Nilsson
user268@example.com,Karl Persson
user269@example.com,Kristina Larsson
user270@example.com,Johan Larsson
user271@example.com,Johan Svensson
user272@example.com,Per Svensson
user273@example.com,Karl Andersson
user274@example.com,Eva Nilsson
user275@example.com,Kristina Svensson
user276@example.com,Maria Larsson
user277@example.com,Eva Nilsson
user278@example.com,Lars Olsson
user279@example.com,Kristina Persson
user280@example.com,Maria Olsson
user281@example.com,Kristina Svensson
user282@example.com,Kristina Larsson
user283@example.com,Erik Andersson
user284@example.com,Karl Persson
user285@example.com,Karl Olsson
user286@example.com,Lars Andersson
user287@example.com,Karin Andersson
user288@example.com,Karin Olsson
user289@example.com,Eva Larsson
user290@example.com,Per Olsson
user291@example.com,Anna Persson
user292@example.com,Per Nilsson
user293@example.com,Eva Olsson
user294@example.com,Per Larsson
user295@example.com,Kristina Andersson
user296@example.com,Karl Larsson
user297@example.com,Lars Svensson
user298@example.com,Karin Andersson
user299@example.com,Maria Svensson
user300@example.com,Karl Svensson
user301@example.com,Karl Larsson
user302@example.com,Johan Johansson
user303@example.com,Eva Larsson
user304@example.com,Kristina Johansson
user305@example.com,Kristina Andersson
user306@example.com,Kristina Persson
user307@example.com,Per Johansson
user308@example.com,Anna Svensson
user309@example.com,Anna Larsson
user310@example.com,Maria Andersson
user311@example.com,Per Persson
user312@example.com,Karl Persson
user313@example.com,Johan Olsson
user314@example.com,Erik Olsson
user315@example.com,Karin Johansson
user316@example.com,Karl Svensson
user317@example.com,Erik Svensson
user318@example.com,Erik Andersson
user319@example.com,Erik Olsson
user320@example.com,Kristina Johansson
user321@example.com,Karl Andersson
user322@example.com,Johan Svensson
user323@example.com,Maria Andersson
user324@example.com,Karl Johansson
user325@example.com,Maria Persson
user326@example.com,Maria Persson
user327@example.com,Karin Svensson
user328@example.com,Karl Johansson
user329@example.com,Maria Svensson
user330@example.com,Eva Persson
user331@example.com,Eva Nilsson
user332@example.com,Erik Olsson
user333@example.com,Erik Johansson
user334@example.com,Johan Persson
user335@example.com,Per Persson
user336@example.com,Erik Olsson
user337@example.com,Karl Larsson
user338@example.com,Lars Persson
user339@example.com,Maria Andersson
user340@example.com,Anna Olsson
user341@example.com,Karin Persson
user342@example.com,Kristina Johansson
user343@example.com,Erik Svensson
user344@example.com,Karl Nilsson
user345@example.com,Eva Andersson
user346@example.com,Anna Olsson
user347@example.com,Karin Svensson
user348@example.com,Lars Olsson
user349@example.com,Karin Svensson
user350@example.com,Karin Svensson
user351@example.com,Maria Nilsson
user352@example.com,Eva Olsson
user353@example.com,Johan Olsson
user354@example.com,Anna Johansson
user355@example.com,Karin Nilsson
user356@example.com,Lars Nilsson
user357@example.com,Karin Olsson
user358@example.com,Karin Nilsson
user359@example.com,Eva Olsson
user360@example.com,Erik Svensson
user361@example.com,Per Larsson
user362@example.com,Eva Larsson
user363@example.com,Lars Olsson
user364@example.com,Eva Persson
user365@example.com,Kristina Nilsson
user366@example.com,Erik Larsson
user367@example.com,Per Nilsson
user368@example.com,Maria Larsson
user369@example.com,Eva Johansson
user370@example.com,Per Johansson
user371@example.com,Erik Svensson
user372@example.com,Karin Andersson
user373@example.com,Erik Nilsson
user374@example.com,Karl Svensson
user375@example.com,Karin Svensson
user376@example.com,Kristina Svensson
user377@example.com,Karin Nilsson
user378@example.com,Maria Persson
user379@example.com,Kristina Larsson
user380@example.com,Karl Johansson
user381@example.com,Lars Persson
user382@example.com,Karl Johansson
user383@example.com,Karl Andersson
user384@example.com,Lars Nilsson
user385@example.com,Karin Persson
user386@example.com,Maria Olsson
user387@example.com,Eva Olsson
user388@example.com,Karl Larsson
user389@example.com,Kristina Olsson
user390@example.com,Karl Olsson
user391@example.com,Erik Persson
user392@example.com,Lars Nilsson
user393@example.com,Maria Svensson
user394@example.com,Lars Olsson
user395@example.com,Eva Olsson
user396@example.com,Lars Svensson
user397@example.com,Karl Nilsson
user398@example.com,Erik Nilsson
user399@example.com,Erik Andersson
user400@example.com,Per Persson
user401@example.com,Per Johansson
user402@example.com,Johan Persson
user403@example.com,Maria Andersson
user404@example.com,Erik Larsson
user405@example.com,Lars Olsson
user406@example.com,Eva Andersson
user407@example.com,Maria Persson
user408@example.com,Johan Nilsson
user409@example.com,Karin Olsson
user410@example.com,Johan Nilsson
user411@example.com,Lars Nilsson
user412@example.com,Erik Andersson
user413@example.com,Anna Larsson
user414@example.com,Lars Larsson
user415@example.com,Lars Andersson
user416@example.com,Anna Svensson
user417@example.com,Lars Nilsson
user418@example.com,Maria Olsson
user419@example.com,Karin Andersson
user420@example.com,Karl Nilsson
user421@example.com,Kristina Olsson
user422@example.com,Johan Nilsson
user423@example.com,Karl Nilsson
user424@example.com,Lars Nilsson
user425@example.com,Eva Nilsson
user426@example.com,Lars Olsson
user427@example.com,Kristina Larsson
user428@example.com,Karin Olsson
user429@example.com,Per Nilsson
user430@example.com,Maria Nilsson
user431@example.com,Karl Olsson
user432@example.com,Karl Olsson
user433@example.com,Maria Andersson
user434@example.com,Karin Andersson
user435@example.com,Johan Andersson
user436@example.com,Lars Nilsson
user437@example.com,Per Nilsson
user438@example.com,Johan Larsson
user439@example.com,Eva Svensson
user440@example.com,Karin Persson
user441@example.com,Per Nilsson
user442@example.com,Lars Olsson
user443@example.com,Anna Persson
user444@example.com,Per Olsson
user445@example.com,Eva Andersson
user446@example.com,Karin Nilsson
user447@example.com,Per Larsson
user448@example.com,Erik Svensson
user449@example.com,Per Nilsson
user450@example.com,Eva Olsson
user451@example.com,Kristina Nilsson
user452@example.com,Maria Andersson
user453@example.com,Karl Johansson
user454@example.com,Per Larsson
user455@example.com,Maria Nilsson
user456@example.com,Maria Persson
user457@example.com,Erik Johansson
user458@example.com,Karin Andersson
user459@example.com,Karl Olsson
user460@example.com,Anna Andersson
user461@example.com,Anna Persson
user462@example.com,Anna Johansson
user463@example.com,Kristina Johansson
user464@example.com,Maria Persson
user465@example.com,Johan Andersson
user466@example.com,Per Johansson
user467@example.com,Anna Olsson
user468@example.com,Anna Olsson
user469@example.com,Karl Persson
user470@example.com,Johan Andersson
user471@example.com,Karin Larsson
user472@example.com,Johan Nilsson
user473@example.com,Johan Larsson
user474@example.com,Kristina Svensson
user475@example.com,Erik Nilsson
user476@example.com,Karin Andersson
user477@example.com,Erik Nilsson
user478@example.com,Per Olsson
user479@example.com,Per Persson
user480@example.com,Karin Nilsson
user481@example.com,Johan Johansson
user482@example.com,Erik Johansson
user483@example.com,Eva Olsson
user484@example.com,Karl Svensson
user485@example.com,Karl Persson
user486@example.com,Karl Svensson
user487@example.com,Eva Johansson
user488@example.com,Anna Andersson
user489@example.com,Per Svensson
user490@example.com,Eva Svensson
user491@example.com,Lars Andersson
user492@example.com,Eva Svensson
user493@example.com,Per Persson
user494@example.com,Kristina Olsson
user495@example.com,Johan Persson
user496@example.com,Per Svensson
user497@example.com,Johan Johansson
user498@example.com,Karin Nilsson
user499@example.com,Eva Andersson
user500@example.com,Per Johansson
