sku,name,description,price,stock
PROD-1,Ultra Skärm 1,Beskrivning av Ultra Skärm 1,7959.0,107
PROD-2,Mega Skärm 2,Beskrivning av Mega Skärm 2,8856.0,89
PROD-3,Snabb Kabel 3,Beskrivning av Snabb Kabel 3,6632.0,88
PROD-4,Ultra Mus 4,Beskrivning av Ultra Mus 4,2837.0,27
PROD-5,Snabb Laddare 5,Beskrivning av Snabb Laddare 5,938.0,98
PROD-6,Super Dator 6,Beskrivning av Super Dator 6,9892.0,54
PROD-7,Lyxig Laddare 7,Beskrivning av Lyxig Laddare 7,7810.0,80
PROD-8,Smart Mus 8,Beskrivning av Smart Mus 8,411.0,29
PROD-9,Ultra Dator 9,Beskrivning av Ultra Dator 9,1899.0,23
PROD-10,Super Telefon 10,Beskrivning av Super Telefon 10,2339.0,54
PROD-11,Mega Telefon 11,Beskrivning av Mega Telefon 11,8622.0,97
PROD-12,Smart Skärm 12,Beskrivning av Smart Skärm 12,2350.0,96
PROD-13,Billig Kabel 13,Beskrivning av Billig Kabel 13,3383.0,108
PROD-14,Billig Telefon 14,Beskrivning av Billig Telefon 14,2961.0,91
PROD-15,Mega Laddare 15,Beskrivning av Mega Laddare 15,3810.0,19
PROD-16,Mega Telefon 16,Beskrivning av Mega Telefon 16,6522.0,77
PROD-17,Smart Dator 17,Beskrivning av Smart Dator 17,9366.0,92
PROD-18,Ultra Mus 18,Beskrivning av Ultra Mus 18,1643.0,24
PROD-19,Snabb Telefon 19,Beskrivning av Snabb Telefon 19,8836.0,14
PROD-20,Lyxig Kabel 20,Beskrivning av Lyxig Kabel 20,4071.0,92
PROD-21,Smart Skärm 21,Beskrivning av Smart Skärm 21,2034.0,27
PROD-22,Ultra Laddare 22,Beskrivning av Ultra Laddare 22,2356.0,75
PROD-23,Ultra Telefon 23,Beskrivning av Ultra Telefon 23,5890.0,51
PROD-24,Smart Skärm 24,Beskrivning av Smart Skärm 24,5403.0,84
PROD-25,Lyxig Skärm 25,Beskrivning av Lyxig Skärm 25,3763.0,41
PROD-26,Smart Telefon 26,Beskrivning av Smart Telefon 26,6903.0,27
PROD-27,Smart Mus 27,Beskrivning av Smart Mus 27,559.0,35
PROD-28,Super Dator 28,Beskrivning av Super Dator 28,863.0,73
PROD-29,Mega Laddare 29,Beskrivning av Mega Laddare 29,1076.0,70
PROD-30,Snabb Hörlur 30,Beskrivning av Snabb Hörlur 30,2189.0,18
PROD-31,Ultra Mus 31,Beskrivning av Ultra Mus 31,3309.0,56
PROD-32,Smart Skärm 32,Beskrivning av Smart Skärm 32,3566.0,65
PROD-33,Smart Telefon 33,Beskrivning av Smart Telefon 33,5771.0,56
PROD-34,Smart Hörlur 34,Beskrivning av Smart Hörlur 34,2261.0,103
PROD-35,Ultra Kabel 35,Beskrivning av Ultra Kabel 35,2383.0,87
PROD-36,Snabb Skärm 36,Beskrivning av Snabb Skärm 36,3921.0,57
PROD-37,Smart Skärm 37,Beskrivning av Smart Skärm 37,8964.0,18
PROD-38,Smart Hörlur 38,Beskrivning av Smart Hörlur 38,6450.0,81
PROD-39,Lyxig Hörlur 39,Beskrivning av Lyxig Hörlur 39,675.0,60
PROD-40,Lyxig Hörlur 40,Beskrivning av Lyxig Hörlur 40,7748.0,81
PROD-41,Super Laddare 41,Beskrivning av Super Laddare 41,3906.0,22
PROD-42,Lyxig Laddare 42,Beskrivning av Lyxig Laddare 42,7817.0,109
PROD-43,Smart Kabel 43,Beskrivning av Smart Kabel 43,4222.0,34
PROD-44,Smart Telefon 44,Beskrivning av Smart Telefon 44,9441.0,91
PROD-45,Lyxig Hörlur 45,Beskrivning av Lyxig Hörlur 45,102.0,47
PROD-46,Super Dator 46,Beskrivning av Super Dator 46,3534.0,54
PROD-47,Billig Kabel 47,Beskrivning av Billig Kabel 47,4515.0,69
PROD-48,Snabb Kabel 48,Beskrivning av Snabb Kabel 48,3170.0,33
PROD-49,Smart Telefon 49,Beskrivning av Smart Telefon 49,7833.0,71
PROD-50,Super Mus 50,Beskrivning av Super Mus 50,7565.0,63
PROD-51,Lyxig Mus 51,Beskrivning av Lyxig Mus 51,4993.0,38
PROD-52,Ultra Dator 52,Beskrivning av Ultra Dator 52,9319.0,83
PROD-53,Billig Skärm 53,Beskrivning av Billig Skärm 53,1841.0,64
PROD-54,Super Mus 54,Beskrivning av Super Mus 54,4860.0,71
PROD-55,Snabb Hörlur 55,Beskrivning av Snabb Hörlur 55,2425.0,19
PROD-56,Mega Skärm 56,Beskrivning av Mega Skärm 56,3484.0,82
PROD-57,Lyxig Telefon 57,Beskrivning av Lyxig Telefon 57,92.0,98
PROD-58,Ultra Dator 58,Beskrivning av Ultra Dator 58,6401.0,55
PROD-59,Ultra Kabel 59,Beskrivning av Ultra Kabel 59,1239.0,73
PROD-60,Lyxig Skärm 60,Beskrivning av Lyxig Skärm 60,7866.0,17
PROD-61,Snabb Telefon 61,Beskrivning av Snabb Telefon 61,7174.0,74
PROD-62,Ultra Skärm 62,Beskrivning av Ultra Skärm 62,8134.0,103
PROD-63,Mega Mus 63,Beskrivning av Mega Mus 63,9350.0,72
PROD-64,Snabb Laddare 64,Beskrivning av Snabb Laddare 64,2354.0,98
PROD-65,Mega Mus 65,Beskrivning av Mega Mus 65,7328.0,28
PROD-66,Snabb Hörlur 66,Beskrivning av Snabb Hörlur 66,91.0,60
PROD-67,Super Mus 67,Beskrivning av Super Mus 67,4204.0,55
PROD-68,Billig Telefon 68,Beskrivning av Billig Telefon 68,2477.0,61
PROD-69,Lyxig Hörlur 69,Beskrivning av Lyxig Hörlur 69,3237.0,81
PROD-70,Mega Telefon 70,Beskrivning av Mega Telefon 70,8002.0,73
PROD-71,Super Skärm 71,Beskrivning av Super Skärm 71,9339.0,26
PROD-72,Billig Mus 72,Beskrivning av Billig Mus 72,7188.0,75
PROD-73,Super Skärm 73,Beskrivning av Super Skärm 73,9665.0,76
PROD-74,Super Dator 74,Beskrivning av Super Dator 74,1123.0,74
PROD-75,Super Skärm 75,Beskrivning av Super Skärm 75,8163.0,66
PROD-76,Billig Laddare 76,Beskrivning av Billig Laddare 76,1218.0,43
PROD-77,Super Kabel 77,Beskrivning av Super Kabel 77,1269.0,76
PROD-78,Ultra Mus 78,Beskrivning av Ultra Mus 78,4403.0,104
PROD-79,Smart Dator 79,Beskrivning av Smart Dator 79,7834.0,97
PROD-80,Mega Laddare 80,Beskrivning av Mega Laddare 80,7747.0,28
PROD-81,Super Skärm 81,Beskrivning av Super Skärm 81,6282.0,55
PROD-82,Super Laddare 82,Beskrivning av Super Laddare 82,3421.0,69
PROD-83,Billig Telefon 83,Beskrivning av Billig Telefon 83,150.0,80
PROD-84,Snabb Kabel 84,Beskrivning av Snabb Kabel 84,9987.0,96
PROD-85,Smart Skärm 85,Beskrivning av Smart Skärm 85,9572.0,68
PROD-86,Smart Hörlur 86,Beskrivning av Smart Hörlur 86,1807.0,89
PROD-87,Mega Mus 87,Beskrivning av Mega Mus 87,6282.0,87
PROD-88,Ultra Dator 88,Beskrivning av Ultra Dator 88,62.0,21
PROD-89,Lyxig Kabel 89,Beskrivning av Lyxig Kabel 89,2628.0,93
PROD-90,Billig Mus 90,Beskrivning av Billig Mus 90,7157.0,49
PROD-91,Lyxig Hörlur 91,Beskrivning av Lyxig Hörlur 91,7588.0,73
PROD-92,Billig Hörlur 92,Beskrivning av Billig Hörlur 92,7271.0,63
PROD-93,Mega Hörlur 93,Beskrivning av Mega Hörlur 93,4978.0,45
PROD-94,Smart Telefon 94,Beskrivning av Smart Telefon 94,2710.0,41
PROD-95,Ultra Mus 95,Beskrivning av Ultra Mus 95,7195.0,82
PROD-96,Mega Laddare 96,Beskrivning av Mega Laddare 96,8441.0,103
PROD-97,Ultra Laddare 97,Beskrivning av Ultra Laddare 97,7277.0,34
PROD-98,Smart Mus 98,Beskrivning av Smart Mus 98,2103.0,95
PROD-99,Lyxig Kabel 99,Beskrivning av Lyxig Kabel 99,7482.0,46
PROD-100,Smart Dator 100,Beskrivning av Smart Dator 100,4612.0,56
PROD-101,Billig Laddare 101,Beskrivning av Billig Laddare 101,9957.0,74
PROD-102,Mega Skärm 102,Beskrivning av Mega Skärm 102,2637.0,29
PROD-103,Mega Mus 103,Beskrivning av Mega Mus 103,4921.0,14
PROD-104,Lyxig Mus 104,Beskrivning av Lyxig Mus 104,3256.0,80
PROD-105,Mega Dator 105,Beskrivning av Mega Dator 105,3026.0,65
PROD-106,Super Skärm 106,Beskrivning av Super Skärm 106,759.0,85
PROD-107,Mega Hörlur 107,Beskrivning av Mega Hörlur 107,272.0,43
PROD-108,Mega Kabel 108,Beskrivning av Mega Kabel 108,5062.0,91
PROD-109,Snabb Hörlur 109,Beskrivning av Snabb Hörlur 109,5109.0,40
PROD-110,Super Telefon 110,Beskrivning av Super Telefon 110,8435.0,23
PROD-111,Billig Skärm 111,Beskrivning av Billig Skärm 111,6541.0,48
PROD-112,Snabb Dator 112,Beskrivning av Snabb Dator 112,3200.0,38
PROD-113,Snabb Skärm 113,Beskrivning av Snabb Skärm 113,5513.0,103
PROD-114,Snabb Laddare 114,Beskrivning av Snabb Laddare 114,7094.0,37
PROD-115,Billig Skärm 115,Beskrivning av Billig Skärm 115,5033.0,96
PROD-116,Snabb Dator 116,Beskrivning av Snabb Dator 116,4274.0,40
PROD-117,Ultra Dator 117,Beskrivning av Ultra Dator 117,4134.0,23
PROD-118,Ultra Skärm 118,Beskrivning av Ultra Skärm 118,5154.0,85
PROD-119,Snabb Laddare 119,Beskrivning av Snabb Laddare 119,2420.0,24
PROD-120,Super Laddare 120,Beskrivning av Super Laddare 120,6361.0,72
PROD-121,Ultra Kabel 121,Beskrivning av Ultra Kabel 121,5090.0,23
PROD-122,Super Telefon 122,Beskrivning av Super Telefon 122,5088.0,98
PROD-123,Ultra Mus 123,Beskrivning av Ultra Mus 123,9379.0,92
PROD-124,Snabb Hörlur 124,Beskrivning av Snabb Hörlur 124,8681.0,19
PROD-125,Super Kabel 125,Beskrivning av Super Kabel 125,693.0,102
PROD-126,Smart Telefon 126,Beskrivning av Smart Telefon 126,3348.0,26
PROD-127,Smart Mus 127,Beskrivning av Smart Mus 127,2947.0,82
PROD-128,Smart Telefon 128,Beskrivning av Smart Telefon 128,3047.0,73
PROD-129,Smart Mus 129,Beskrivning av Smart Mus 129,6352.0,50
PROD-130,Billig Hörlur 130,Beskrivning av Billig Hörlur 130,9159.0,68
PROD-131,Billig Mus 131,Beskrivning av Billig Mus 131,4158.0,44
PROD-132,Ultra Kabel 132,Beskrivning av Ultra Kabel 132,7177.0,13
PROD-133,Smart Telefon 133,Beskrivning av Smart Telefon 133,1267.0,14
PROD-134,Mega Skärm 134,Beskrivning av Mega Skärm 134,940.0,95
PROD-135,Super Laddare 135,Beskrivning av Super Laddare 135,5256.0,45
PROD-136,Ultra Telefon 136,Beskrivning av Ultra Telefon 136,7090.0,44
PROD-137,Ultra Mus 137,Beskrivning av Ultra Mus 137,4774.0,32
PROD-138,Snabb Kabel 138,Beskrivning av Snabb Kabel 138,4686.0,80
PROD-139,Super Telefon 139,Beskrivning av Super Telefon 139,2655.0,12
PROD-140,Billig Mus 140,Beskrivning av Billig Mus 140,2656.0,68
PROD-141,Billig Dator 141,Beskrivning av Billig Dator 141,3119.0,31
PROD-142,Snabb Skärm 142,Beskrivning av Snabb Skärm 142,5684.0,46
PROD-143,Lyxig Skärm 143,Beskrivning av Lyxig Skärm 143,9283.0,78
PROD-144,Super Hörlur 144,Beskrivning av Super Hörlur 144,5476.0,26
PROD-145,Ultra Hörlur 145,Beskrivning av Ultra Hörlur 145,445.0,32
PROD-146,Snabb Mus 146,Beskrivning av Snabb Mus 146,3956.0,36
PROD-147,Mega Laddare 147,Beskrivning av Mega Laddare 147,5039.0,79
PROD-148,Mega Kabel 148,Beskrivning av Mega Kabel 148,4237.0,22
PROD-149,Lyxig Mus 149,Beskrivning av Lyxig Mus 149,7987.0,28
PROD-150,Smart Laddare 150,Beskrivning av Smart Laddare 150,9176.0,76
PROD-151,Lyxig Kabel 151,Beskrivning av Lyxig Kabel 151,793.0,101
PROD-152,Mega Skärm 152,Beskrivning av Mega Skärm 152,9945.0,100
PROD-153,Billig Mus 153,Beskrivning av Billig Mus 153,2601.0,48
PROD-154,Super Hörlur 154,Beskrivning av Super Hörlur 154,8281.0,30
PROD-155,Smart Telefon 155,Beskrivning av Smart Telefon 155,3360.0,90
PROD-156,Snabb Dator 156,Beskrivning av Snabb Dator 156,8950.0,18
PROD-157,Snabb Kabel 157,Beskrivning av Snabb Kabel 157,4767.0,10
PROD-158,Billig Telefon 158,Beskrivning av Billig Telefon 158,4613.0,58
PROD-159,Billig Mus 159,Beskrivning av Billig Mus 159,133.0,45
PROD-160,Mega Telefon 160,Beskrivning av Mega Telefon 160,3523.0,87
PROD-161,Super Mus 161,Beskrivning av Super Mus 161,7730.0,101
PROD-162,Super Laddare 162,Beskrivning av Super Laddare 162,9209.0,12
PROD-163,Super Mus 163,Beskrivning av Super Mus 163,8589.0,44
PROD-164,Ultra Dator 164,Beskrivning av Ultra Dator 164,7316.0,28
PROD-165,Mega Laddare 165,Beskrivning av Mega Laddare 165,7434.0,88
PROD-166,Lyxig Skärm 166,Beskrivning av Lyxig Skärm 166,9016.0,27
PROD-167,Mega Laddare 167,Beskrivning av Mega Laddare 167,4596.0,95
PROD-168,Super Kabel 168,Beskrivning av Super Kabel 168,9150.0,97
PROD-169,Super Skärm 169,Beskrivning av Super Skärm 169,8431.0,66
PROD-170,Mega Kabel 170,Beskrivning av Mega Kabel 170,2833.0,88
PROD-171,Ultra Hörlur 171,Beskrivning av Ultra Hörlur 171,5655.0,34
PROD-172,Billig Dator 172,Beskrivning av Billig Dator 172,5719.0,77
PROD-173,Billig Telefon 173,Beskrivning av Billig Telefon 173,8880.0,76
PROD-174,Lyxig Telefon 174,Beskrivning av Lyxig Telefon 174,107.0,11
PROD-175,Ultra Telefon 175,Beskrivning av Ultra Telefon 175,9930.0,30
PROD-176,Ultra Skärm 176,Beskrivning av Ultra Skärm 176,9846.0,60
PROD-177,Lyxig Kabel 177,Beskrivning av Lyxig Kabel 177,9561.0,97
PROD-178,Mega Laddare 178,Beskrivning av Mega Laddare 178,6201.0,65
PROD-179,Super Hörlur 179,Beskrivning av Super Hörlur 179,6084.0,108
PROD-180,Ultra Dator 180,Beskrivning av Ultra Dator 180,5225.0,95
PROD-181,Smart Telefon 181,Beskrivning av Smart Telefon 181,145.0,48
PROD-182,Snabb Mus 182,Beskrivning av Snabb Mus 182,9998.0,34
PROD-183,Lyxig Laddare 183,Beskrivning av Lyxig Laddare 183,5539.0,63
PROD-184,Ultra Laddare 184,Beskrivning av Ultra Laddare 184,661.0,43
PROD-185,Super Kabel 185,Beskrivning av Super Kabel 185,7865.0,54
PROD-186,Ultra Hörlur 186,Beskrivning av Ultra Hörlur 186,6583.0,35
PROD-187,Billig Hörlur 187,Beskrivning av Billig Hörlur 187,9123.0,18
PROD-188,Ultra Mus 188,Beskrivning av Ultra Mus 188,1105.0,88
PROD-189,Ultra Mus 189,Beskrivning av Ultra Mus 189,1555.0,60
PROD-190,Smart Telefon 190,Beskrivning av Smart Telefon 190,1014.0,48
PROD-191,Super Laddare 191,Beskrivning av Super Laddare 191,2152.0,50
PROD-192,Snabb Laddare 192,Beskrivning av Snabb Laddare 192,2657.0,91
PROD-193,Smart Dator 193,Beskrivning av Smart Dator 193,2615.0,95
PROD-194,Mega Hörlur 194,Beskrivning av Mega Hörlur 194,6816.0,43
PROD-195,Snabb Skärm 195,Beskrivning av Snabb Skärm 195,7384.0,35
PROD-196,Smart Skärm 196,Beskrivning av Smart Skärm 196,8422.0,30
PROD-197,Snabb Hörlur 197,Beskrivning av Snabb Hörlur 197,3311.0,29
PROD-198,Smart Telefon 198,Beskrivning av Smart Telefon 198,4473.0,94
PROD-199,Billig Telefon 199,Beskrivning av Billig Telefon 199,6179.0,35
PROD-200,Super Hörlur 200,Beskrivning av Super Hörlur 200,1869.0,66
PROD-201,Mega Skärm 201,Beskrivning av Mega Skärm 201,3297.0,30
PROD-202,Smart Dator 202,Beskrivning av Smart Dator 202,6471.0,55
PROD-203,Billig Dator 203,Beskrivning av Billig Dator 203,7287.0,28
PROD-204,Snabb Hörlur 204,Beskrivning av Snabb Hörlur 204,8574.0,31
PROD-205,Ultra Laddare 205,Beskrivning av Ultra Laddare 205,8065.0,75
PROD-206,Mega Telefon 206,Beskrivning av Mega Telefon 206,1630.0,30
PROD-207,Snabb Laddare 207,Beskrivning av Snabb Laddare 207,477.0,33
PROD-208,Super Hörlur 208,Beskrivning av Super Hörlur 208,3265.0,13
PROD-209,Lyxig Mus 209,Beskrivning av Lyxig Mus 209,4304.0,76
PROD-210,Mega Kabel 210,Beskrivning av Mega Kabel 210,2140.0,13
PROD-211,Ultra Kabel 211,Beskrivning av Ultra Kabel 211,826.0,20
PROD-212,Snabb Dator 212,Beskrivning av Snabb Dator 212,8533.0,70
PROD-213,Mega Mus 213,Beskrivning av Mega Mus 213,5259.0,82
PROD-214,Billig Telefon 214,Beskrivning av Billig Telefon 214,8120.0,50
PROD-215,Billig Laddare 215,Beskrivning av Billig Laddare 215,4625.0,13
PROD-216,Super Laddare 216,Beskrivning av Super Laddare 216,3433.0,53
PROD-217,Mega Mus 217,Beskrivning av Mega Mus 217,7251.0,56
PROD-218,Snabb Telefon 218,Beskrivning av Snabb Telefon 218,4245.0,16
PROD-219,Ultra Hörlur 219,Beskrivning av Ultra Hörlur 219,2079.0,88
PROD-220,Smart Hörlur 220,Beskrivning av Smart Hörlur 220,752.0,100
PROD-221,Lyxig Skärm 221,Beskrivning av Lyxig Skärm 221,8427.0,101
PROD-222,Lyxig Hörlur 222,Beskrivning av Lyxig Hörlur 222,6388.0,81
PROD-223,Super Mus 223,Beskrivning av Super Mus 223,5037.0,74
PROD-224,Lyxig Dator 224,Beskrivning av Lyxig Dator 224,4912.0,69
PROD-225,Billig Laddare 225,Beskrivning av Billig Laddare 225,9988.0,51
PROD-226,Mega Skärm 226,Beskrivning av Mega Skärm 226,2417.0,68
PROD-227,Ultra Telefon 227,Beskrivning av Ultra Telefon 227,8212.0,36
PROD-228,Snabb Skärm 228,Beskrivning av Snabb Skärm 228,6267.0,31
PROD-229,Billig Hörlur 229,Beskrivning av Billig Hörlur 229,7562.0,101
PROD-230,Mega Kabel 230,Beskrivning av Mega Kabel 230,2317.0,39
PROD-231,Smart Hörlur 231,Beskrivning av Smart Hörlur 231,4856.0,109
PROD-232,Mega Telefon 232,Beskrivning av Mega Telefon 232,5755.0,77
PROD-233,Smart Mus 233,Beskrivning av Smart Mus 233,153.0,52
PROD-234,Snabb Kabel 234,Beskrivning av Snabb Kabel 234,4216.0,45
PROD-235,Snabb Dator 235,Beskrivning av Snabb Dator 235,5852.0,92
PROD-236,Ultra Kabel 236,Beskrivning av Ultra Kabel 236,1288.0,77
PROD-237,Billig Hörlur 237,Beskrivning av Billig Hörlur 237,7231.0,81
PROD-238,Lyxig Telefon 238,Beskrivning av Lyxig Telefon 238,9470.0,88
PROD-239,Ultra Skärm 239,Beskrivning av Ultra Skärm 239,3460.0,66
PROD-240,Snabb Telefon 240,Beskrivning av Snabb Telefon 240,4040.0,21
PROD-241,Snabb Laddare 241,Beskrivning av Snabb Laddare 241,5173.0,105
PROD-242,Billig Mus 242,Beskrivning av Billig Mus 242,9143.0,55
PROD-243,Mega Mus 243,Beskrivning av Mega Mus 243,1236.0,47
PROD-244,Super Dator 244,Beskrivning av Super Dator 244,826.0,76
PROD-245,Billig Skärm 245,Beskrivning av Billig Skärm 245,9887.0,54
PROD-246,Smart Skärm 246,Beskrivning av Smart Skärm 246,4540.0,48
PROD-247,Ultra Mus 247,Beskrivning av Ultra Mus 247,8820.0,96
PROD-248,Mega Dator 248,Beskrivning av Mega Dator 248,7583.0,65
PROD-249,Ultra Dator 249,Beskrivning av Ultra Dator 249,6789.0,16
PROD-250,Snabb Kabel 250,Beskrivning av Snabb Kabel 250,9180.0,47
PROD-251,Ultra Telefon 251,Beskrivning av Ultra Telefon 251,2544.0,25
PROD-252,Ultra Mus 252,Beskrivning av Ultra Mus 252,2082.0,34
PROD-253,Snabb Mus 253,Beskrivning av Snabb Mus 253,2038.0,84
PROD-254,Snabb Laddare 254,Beskrivning av Snabb Laddare 254,9902.0,20
PROD-255,Lyxig Mus 255,Beskrivning av Lyxig Mus 255,6927.0,64
PROD-256,Ultra Laddare 256,Beskrivning av Ultra Laddare 256,8966.0,102
PROD-257,Billig Hörlur 257,Beskrivning av Billig Hörlur 257,5845.0,41
PROD-258,Billig Dator 258,Beskrivning av Billig Dator 258,4995.0,95
PROD-259,Super Skärm 259,Beskrivning av Super Skärm 259,6340.0,28
PROD-260,Billig Hörlur 260,Beskrivning av Billig Hörlur 260,4792.0,38
PROD-261,Smart Skärm 261,Beskrivning av Smart Skärm 261,5342.0,30
PROD-262,Ultra Mus 262,Beskrivning av Ultra Mus 262,975.0,91
PROD-263,Snabb Dator 263,Beskrivning av Snabb Dator 263,3261.0,22
PROD-264,Lyxig Skärm 264,Beskrivning av Lyxig Skärm 264,5566.0,10
PROD-265,Super Kabel 265,Beskrivning av Super Kabel 265,4206.0,54
PROD-266,Lyxig Hörlur 266,Beskrivning av Lyxig Hörlur 266,1545.0,97
PROD-267,Ultra Mus 267,Beskrivning av Ultra Mus 267,6124.0,98
PROD-268,Super Skärm 268,Beskrivning av Super Skärm 268,5282.0,40
PROD-269,Lyxig Skärm 269,Beskrivning av Lyxig Skärm 269,217.0,29
PROD-270,Mega Skärm 270,Beskrivning av Mega Skärm 270,4353.0,52
PROD-271,Lyxig Mus 271,Beskrivning av Lyxig Mus 271,1504.0,101
PROD-272,Snabb Telefon 272,Beskrivning av Snabb Telefon 272,1138.0,95
PROD-273,Ultra Mus 273,Beskrivning av Ultra Mus 273,7529.0,109
PROD-274,Ultra Kabel 274,Beskrivning av Ultra Kabel 274,9353.0,32
PROD-275,Lyxig Dator 275,Beskrivning av Lyxig Dator 275,1396.0,48
PROD-276,Billig Telefon 276,Beskrivning av Billig Telefon 276,6763.0,13
PROD-277,Smart Telefon 277,Beskrivning av Smart Telefon 277,1783.0,45
PROD-278,Snabb Mus 278,Beskrivning av Snabb Mus 278,147.0,85
PROD-279,Mega Skärm 279,Beskrivning av Mega Skärm 279,8243.0,34
PROD-280,Ultra Skärm 280,Beskrivning av Ultra Skärm 280,2912.0,52
PROD-281,Super Laddare 281,Beskrivning av Super Laddare 281,1522.0,78
PROD-282,Lyxig Mus 282,Beskrivning av Lyxig Mus 282,5823.0,32
PROD-283,Snabb Mus 283,Beskrivning av Snabb Mus 283,5280.0,33
PROD-284,Smart Skärm 284,Beskrivning av Smart Skärm 284,371.0,79
PROD-285,Billig Telefon 285,Beskrivning av Billig Telefon 285,4124.0,78
PROD-286,Smart Telefon 286,Beskrivning av Smart Telefon 286,2149.0,66
PROD-287,Ultra Mus 287,Beskrivning av Ultra Mus 287,7385.0,29
PROD-288,Lyxig Dator 288,Beskrivning av Lyxig Dator 288,3834.0,69
PROD-289,Smart Mus 289,Beskrivning av Smart Mus 289,2439.0,66
PROD-290,Mega Hörlur 290,Beskrivning av Mega Hörlur 290,8217.0,37
PROD-291,Smart Laddare 291,Beskrivning av Smart Laddare 291,7061.0,78
PROD-292,Snabb Hörlur 292,Beskrivning av Snabb Hörlur 292,2554.0,60
PROD-293,Ultra Mus 293,Beskrivning av Ultra Mus 293,7557.0,99
PROD-294,Super Mus 294,Beskrivning av Super Mus 294,8689.0,109
PROD-295,Snabb Telefon 295,Beskrivning av Snabb Telefon 295,7706.0,22
PROD-296,Billig Skärm 296,Beskrivning av Billig Skärm 296,9339.0,18
PROD-297,Billig Mus 297,Beskrivning av Billig Mus 297,1139.0,25
PROD-298,Lyxig Mus 298,Beskrivning av Lyxig Mus 298,3340.0,32
PROD-299,Snabb Dator 299,Beskrivning av Snabb Dator 299,1970.0,19
PROD-300,Billig Telefon 300,Beskrivning av Billig Telefon 300,6239.0,91
PROD-301,Ultra Skärm 301,Beskrivning av Ultra Skärm 301,858.0,24
PROD-302,Smart Skärm 302,Beskrivning av Smart Skärm 302,1454.0,35
PROD-303,Lyxig Skärm 303,Beskrivning av Lyxig Skärm 303,3451.0,92
PROD-304,Mega Telefon 304,Beskrivning av Mega Telefon 304,3376.0,28
PROD-305,Lyxig Dator 305,Beskrivning av Lyxig Dator 305,1361.0,35
PROD-306,Lyxig Hörlur 306,Beskrivning av Lyxig Hörlur 306,9492.0,83
PROD-307,Lyxig Skärm 307,Beskrivning av Lyxig Skärm 307,6791.0,91
PROD-308,Billig Mus 308,Beskrivning av Billig Mus 308,5047.0,16
PROD-309,Ultra Kabel 309,Beskrivning av Ultra Kabel 309,5900.0,23
PROD-310,Snabb Telefon 310,Beskrivning av Snabb Telefon 310,5121.0,57
PROD-311,Mega Laddare 311,Beskrivning av Mega Laddare 311,1190.0,107
PROD-312,Ultra Telefon 312,Beskrivning av Ultra Telefon 312,5789.0,81
PROD-313,Smart Dator 313,Beskrivning av Smart Dator 313,1673.0,11
PROD-314,Smart Telefon 314,Beskrivning av Smart Telefon 314,1206.0,16
PROD-315,Super Telefon 315,Beskrivning av Super Telefon 315,5666.0,35
PROD-316,Super Kabel 316,Beskrivning av Super Kabel 316,1526.0,51
PROD-317,Smart Telefon 317,Beskrivning av Smart Telefon 317,7772.0,66
PROD-318,Super Kabel 318,Beskrivning av Super Kabel 318,1080.0,14
PROD-319,Ultra Hörlur 319,Beskrivning av Ultra Hörlur 319,6724.0,65
PROD-320,Lyxig Dator 320,Beskrivning av Lyxig Dator 320,4796.0,63
PROD-321,Mega Kabel 321,Beskrivning av Mega Kabel 321,4518.0,38
PROD-322,Snabb Telefon 322,Beskrivning av Snabb Telefon 322,9818.0,22
PROD-323,Snabb Dator 323,Beskrivning av Snabb Dator 323,5033.0,39
PROD-324,Mega Laddare 324,Beskrivning av Mega Laddare 324,1800.0,20
PROD-325,Super Mus 325,Beskrivning av Super Mus 325,7260.0,10
PROD-326,Lyxig Telefon 326,Beskrivning av Lyxig Telefon 326,9051.0,58
PROD-327,Billig Kabel 327,Beskrivning av Billig Kabel 327,7678.0,24
PROD-328,Mega Mus 328,Beskrivning av Mega Mus 328,1433.0,25
PROD-329,Super Kabel 329,Beskrivning av Super Kabel 329,9509.0,75
PROD-330,Snabb Hörlur 330,Beskrivning av Snabb Hörlur 330,176.0,13
PROD-331,Super Dator 331,Beskrivning av Super Dator 331,2366.0,62
PROD-332,Super Kabel 332,Beskrivning av Super Kabel 332,172.0,47
PROD-333,Super Kabel 333,Beskrivning av Super Kabel 333,5480.0,70
PROD-334,Mega Mus 334,Beskrivning av Mega Mus 334,3127.0,41
PROD-335,Ultra Laddare 335,Beskrivning av Ultra Laddare 335,132.0,40
PROD-336,Super Laddare 336,Beskrivning av Super Laddare 336,2455.0,95
PROD-337,Smart Kabel 337,Beskrivning av Smart Kabel 337,3548.0,32
PROD-338,Billig Hörlur 338,Beskrivning av Billig Hörlur 338,3111.0,25
PROD-339,Snabb Kabel 339,Beskrivning av Snabb Kabel 339,381.0,89
PROD-340,Smart Telefon 340,Beskrivning av Smart Telefon 340,4619.0,105
PROD-341,Billig Telefon 341,Beskrivning av Billig Telefon 341,511.0,75
PROD-342,Smart Telefon 342,Beskrivning av Smart Telefon 342,4922.0,15
PROD-343,Smart Mus 343,Beskrivning av Smart Mus 343,7349.0,30
PROD-344,Ultra Hörlur 344,Beskrivning av Ultra Hörlur 344,5015.0,73
PROD-345,Super Telefon 345,Beskrivning av Super Telefon 345,1689.0,26
PROD-346,Snabb Dator 346,Beskrivning av Snabb Dator 346,7345.0,34
PROD-347,Smart Mus 347,Beskrivning av Smart Mus 347,1989.0,103
PROD-348,Ultra Mus 348,Beskrivning av Ultra Mus 348,8219.0,89
PROD-349,Ultra Laddare 349,Beskrivning av Ultra Laddare 349,3280.0,69
PROD-350,Snabb Mus 350,Beskrivning av Snabb Mus 350,8170.0,60
PROD-351,Mega Mus 351,Beskrivning av Mega Mus 351,8759.0,94
PROD-352,Billig Laddare 352,Beskrivning av Billig Laddare 352,6281.0,39
PROD-353,Ultra Kabel 353,Beskrivning av Ultra Kabel 353,8647.0,16
PROD-354,Smart Mus 354,Beskrivning av Smart Mus 354,7407.0,49
PROD-355,Lyxig Skärm 355,Beskrivning av Lyxig Skärm 355,7170.0,18
PROD-356,Smart Laddare 356,Beskrivning av Smart Laddare 356,1158.0,103
PROD-357,Smart Dator 357,Beskrivning av Smart Dator 357,5356.0,79
PROD-358,Lyxig Telefon 358,Beskrivning av Lyxig Telefon 358,7542.0,101
PROD-359,Smart Hörlur 359,Beskrivning av Smart Hörlur 359,5284.0,56
PROD-360,Super Skärm 360,Beskrivning av Super Skärm 360,8421.0,34
PROD-361,Super Hörlur 361,Beskrivning av Super Hörlur 361,3891.0,48
PROD-362,Lyxig Skärm 362,Beskrivning av Lyxig Skärm 362,3932.0,56
PROD-363,Super Telefon 363,Beskrivning av Super Telefon 363,7461.0,104
PROD-364,Billig Skärm 364,Beskrivning av Billig Skärm 364,6095.0,91
PROD-365,Super Mus 365,Beskrivning av Super Mus 365,9073.0,54
PROD-366,Mega Kabel 366,Beskrivning av Mega Kabel 366,8139.0,89
PROD-367,Ultra Kabel 367,Beskrivning av Ultra Kabel 367,4119.0,43
PROD-368,Lyxig Dator 368,Beskrivning av Lyxig Dator 368,8726.0,24
PROD-369,Smart Skärm 369,Beskrivning av Smart Skärm 369,4261.0,39
PROD-370,Mega Hörlur 370,Beskrivning av Mega Hörlur 370,3552.0,45
PROD-371,Mega Mus 371,Beskrivning av Mega Mus 371,8731.0,25
PROD-372,Billig Kabel 372,Beskrivning av Billig Kabel 372,7224.0,53
PROD-373,Mega Hörlur 373,Beskrivning av Mega Hörlur 373,6601.0,97
PROD-374,Snabb Kabel 374,Beskrivning av Snabb Kabel 374,2929.0,68
PROD-375,Billig Telefon 375,Beskrivning av Billig Telefon 375,151.0,48
PROD-376,Billig Mus 376,Beskrivning av Billig Mus 376,8048.0,55
PROD-377,Lyxig Kabel 377,Beskrivning av Lyxig Kabel 377,164.0,24
PROD-378,Lyxig Kabel 378,Beskrivning av Lyxig Kabel 378,4419.0,31
PROD-379,Snabb Dator 379,Beskrivning av Snabb Dator 379,1942.0,47
PROD-380,Lyxig Mus 380,Beskrivning av Lyxig Mus 380,8985.0,21
PROD-381,Lyxig Skärm 381,Beskrivning av Lyxig Skärm 381,1049.0,86
PROD-382,Lyxig Dator 382,Beskrivning av Lyxig Dator 382,1102.0,66
PROD-383,Lyxig Skärm 383,Beskrivning av Lyxig Skärm 383,309.0,43
PROD-384,Lyxig Hörlur 384,Beskrivning av Lyxig Hörlur 384,1089.0,82
PROD-385,Billig Kabel 385,Beskrivning av Billig Kabel 385,9244.0,88
PROD-386,Ultra Telefon 386,Beskrivning av Ultra Telefon 386,1617.0,50
PROD-387,Lyxig Laddare 387,Beskrivning av Lyxig Laddare 387,8713.0,11
PROD-388,Billig Skärm 388,Beskrivning av Billig Skärm 388,1905.0,28
PROD-389,Super Skärm 389,Beskrivning av Super Skärm 389,86.0,75
PROD-390,Lyxig Hörlur 390,Beskrivning av Lyxig Hörlur 390,491.0,67
PROD-391,Mega Skärm 391,Beskrivning av Mega Skärm 391,7709.0,87
PROD-392,Ultra Kabel 392,Beskrivning av Ultra Kabel 392,8428.0,89
PROD-393,Mega Telefon 393,Beskrivning av Mega Telefon 393,679.0,67
PROD-394,Billig Telefon 394,Beskrivning av Billig Telefon 394,4425.0,34
PROD-395,Billig Hörlur 395,Beskrivning av Billig Hörlur 395,8053.0,12
PROD-396,Billig Kabel 396,Beskrivning av Billig Kabel 396,2050.0,60
PROD-397,Super Mus 397,Beskrivning av Super Mus 397,1336.0,28
PROD-398,Super Telefon 398,Beskrivning av Super Telefon 398,4512.0,55
PROD-399,Ultra Skärm 399,Beskrivning av Ultra Skärm 399,5341.0,21
PROD-400,Snabb Laddare 400,Beskrivning av Snabb Laddare 400,644.0,44
PROD-401,Super Dator 401,Beskrivning av Super Dator 401,2815.0,65
PROD-402,Mega Hörlur 402,Beskrivning av Mega Hörlur 402,6667.0,20
PROD-403,Snabb Hörlur 403,Beskrivning av Snabb Hörlur 403,1280.0,48
PROD-404,Billig Mus 404,Beskrivning av Billig Mus 404,96.0,31
PROD-405,Lyxig Hörlur 405,Beskrivning av Lyxig Hörlur 405,3675.0,71
PROD-406,Lyxig Kabel 406,Beskrivning av Lyxig Kabel 406,6731.0,39
PROD-407,Lyxig Skärm 407,Beskrivning av Lyxig Skärm 407,9592.0,60
PROD-408,Smart Kabel 408,Beskrivning av Smart Kabel 408,6999.0,76
PROD-409,Billig Hörlur 409,Beskrivning av Billig Hörlur 409,5249.0,17
PROD-410,Lyxig Skärm 410,Beskrivning av Lyxig Skärm 410,6520.0,54
PROD-411,Billig Telefon 411,Beskrivning av Billig Telefon 411,8370.0,88
PROD-412,Super Skärm 412,Beskrivning av Super Skärm 412,7745.0,20
PROD-413,Smart Skärm 413,Beskrivning av Smart Skärm 413,777.0,73
PROD-414,Mega Mus 414,Beskrivning av Mega Mus 414,6379.0,57
PROD-415,Smart Skärm 415,Beskrivning av Smart Skärm 415,309.0,82
PROD-416,Snabb Skärm 416,Beskrivning av Snabb Skärm 416,9917.0,107
PROD-417,Super Dator 417,Beskrivning av Super Dator 417,7892.0,103
PROD-418,Mega Dator 418,Beskrivning av Mega Dator 418,1745.0,94
PROD-419,Smart Skärm 419,Beskrivning av Smart Skärm 419,5654.0,44
PROD-420,Snabb Skärm 420,Beskrivning av Snabb Skärm 420,7209.0,91
PROD-421,Lyxig Dator 421,Beskrivning av Lyxig Dator 421,9766.0,37
PROD-422,Ultra Kabel 422,Beskrivning av Ultra Kabel 422,1327.0,55
PROD-423,Mega Dator 423,Beskrivning av Mega Dator 423,3433.0,52
PROD-424,Lyxig Kabel 424,Beskrivning av Lyxig Kabel 424,4047.0,35
PROD-425,Billig Hörlur 425,Beskrivning av Billig Hörlur 425,747.0,57
PROD-426,Ultra Hörlur 426,Beskrivning av Ultra Hörlur 426,8143.0,79
PROD-427,Ultra Laddare 427,Beskrivning av Ultra Laddare 427,1456.0,51
PROD-428,Ultra Kabel 428,Beskrivning av Ultra Kabel 428,7698.0,77
PROD-429,Super Kabel 429,Beskrivning av Super Kabel 429,2684.0,49
PROD-430,Ultra Mus 430,Beskrivning av Ultra Mus 430,5449.0,92
PROD-431,Super Laddare 431,Beskrivning av Super Laddare 431,7398.0,93
PROD-432,Ultra Dator 432,Beskrivning av Ultra Dator 432,806.0,47
PROD-433,Super Hörlur 433,Beskrivning av Super Hörlur 433,431.0,21
PROD-434,Smart Telefon 434,Beskrivning av Smart Telefon 434,3479.0,13
PROD-435,Smart Laddare 435,Beskrivning av Smart Laddare 435,9695.0,42
PROD-436,Billig Mus 436,Beskrivning av Billig Mus 436,8741.0,28
PROD-437,Mega Telefon 437,Beskrivning av Mega Telefon 437,2916.0,42
PROD-438,Ultra Mus 438,Beskrivning av Ultra Mus 438,519.0,28
PROD-439,Billig Hörlur 439,Beskrivning av Billig Hörlur 439,8380.0,51
PROD-440,Lyxig Laddare 440,Beskrivning av Lyxig Laddare 440,4570.0,15
PROD-441,Mega Laddare 441,Beskrivning av Mega Laddare 441,7908.0,20
PROD-442,Ultra Mus 442,Beskrivning av Ultra Mus 442,4228.0,80
PROD-443,Snabb Dator 443,Beskrivning av Snabb Dator 443,5476.0,104
PROD-444,Super Laddare 444,Beskrivning av Super Laddare 444,9942.0,62
PROD-445,Super Mus 445,Beskrivning av Super Mus 445,7639.0,28
PROD-446,Smart Laddare 446,Beskrivning av Smart Laddare 446,8810.0,87
PROD-447,Snabb Dator 447,Beskrivning av Snabb Dator 447,2630.0,99
PROD-448,Super Hörlur 448,Beskrivning av Super Hörlur 448,529.0,19
PROD-449,Billig Telefon 449,Beskrivning av Billig Telefon 449,2825.0,109
PROD-450,Ultra Skärm 450,Beskrivning av Ultra Skärm 450,8610.0,96
PROD-451,Ultra Skärm 451,Beskrivning av Ultra Skärm 451,1089.0,98
PROD-452,Billig Hörlur 452,Beskrivning av Billig Hörlur 452,8105.0,33
PROD-453,Super Dator 453,Beskrivning av Super Dator 453,8891.0,18
PROD-454,Super Hörlur 454,Beskrivning av Super Hörlur 454,6572.0,90
PROD-455,Smart Kabel 455,Beskrivning av Smart Kabel 455,1668.0,48
PROD-456,Billig Mus 456,Beskrivning av Billig Mus 456,4728.0,19
PROD-457,Smart Hörlur 457,Beskrivning av Smart Hörlur 457,5622.0,37
PROD-458,Billig Skärm 458,Beskrivning av Billig Skärm 458,4865.0,50
PROD-459,Smart Hörlur 459,Beskrivning av Smart Hörlur 459,975.0,88
PROD-460,Lyxig Telefon 460,Beskrivning av Lyxig Telefon 460,688.0,31
PROD-461,Mega Dator 461,Beskrivning av Mega Dator 461,348.0,49
PROD-462,Billig Skärm 462,Beskrivning av Billig Skärm 462,5498.0,31
PROD-463,Super Kabel 463,Beskrivning av Super Kabel 463,3625.0,28
PROD-464,Lyxig Mus 464,Beskrivning av Lyxig Mus 464,2147.0,44
PROD-465,Super Laddare 465,Beskrivning av Super Laddare 465,2996.0,56
PROD-466,Billig Telefon 466,Beskrivning av Billig Telefon 466,6128.0,41
PROD-467,Mega Dator 467,Beskrivning av Mega Dator 467,760.0,18
PROD-468,Super Dator 468,Beskrivning av Super Dator 468,6278.0,103
PROD-469,Super Laddare 469,Beskrivning av Super Laddare 469,9354.0,64
PROD-470,Snabb Kabel 470,Beskrivning av Snabb Kabel 470,8019.0,68
PROD-471,Super Dator 471,Beskrivning av Super Dator 471,4446.0,80
PROD-472,Mega Skärm 472,Beskrivning av Mega Skärm 472,6898.0,29
PROD-473,Mega Skärm 473,Beskrivning av Mega Skärm 473,908.0,25
PROD-474,Super Hörlur 474,Beskrivning av Super Hörlur 474,1162.0,104
PROD-475,Lyxig Telefon 475,Beskrivning av Lyxig Telefon 475,4663.0,95
PROD-476,Mega Hörlur 476,Beskrivning av Mega Hörlur 476,5080.0,30
PROD-477,Lyxig Skärm 477,Beskrivning av Lyxig Skärm 477,1485.0,64
PROD-478,Billig Kabel 478,Beskrivning av Billig Kabel 478,863.0,92
PROD-479,Ultra Dator 479,Beskrivning av Ultra Dator 479,5679.0,39
PROD-480,Ultra Hörlur 480,Beskrivning av Ultra Hörlur 480,7348.0,73
PROD-481,Billig Hörlur 481,Beskrivning av Billig Hörlur 481,4796.0,73
PROD-482,Super Kabel 482,Beskrivning av Super Kabel 482,3959.0,25
PROD-483,Smart Hörlur 483,Beskrivning av Smart Hörlur 483,7661.0,95
PROD-484,Super Laddare 484,Beskrivning av Super Laddare 484,6312.0,46
PROD-485,Smart Mus 485,Beskrivning av Smart Mus 485,3941.0,17
PROD-486,Ultra Kabel 486,Beskrivning av Ultra Kabel 486,5386.0,87
PROD-487,Lyxig Skärm 487,Beskrivning av Lyxig Skärm 487,1561.0,55
PROD-488,Snabb Mus 488,Beskrivning av Snabb Mus 488,6354.0,50
PROD-489,Lyxig Mus 489,Beskrivning av Lyxig Mus 489,114.0,100
PROD-490,Billig Kabel 490,Beskrivning av Billig Kabel 490,6555.0,88
PROD-491,Smart Laddare 491,Beskrivning av Smart Laddare 491,1970.0,96
PROD-492,Snabb Telefon 492,Beskrivning av Snabb Telefon 492,5643.0,17
PROD-493,Snabb Skärm 493,Beskrivning av Snabb Skärm 493,7641.0,79
PROD-494,Lyxig Dator 494,Beskrivning av Lyxig Dator 494,3210.0,93
PROD-495,Smart Mus 495,Beskrivning av Smart Mus 495,2952.0,105
PROD-496,Billig Mus 496,Beskrivning av Billig Mus 496,3706.0,19
PROD-497,Billig Hörlur 497,Beskrivning av Billig Hörlur 497,6957.0,85
PROD-498,Smart Dator 498,Beskrivning av Smart Dator 498,7460.0,27
PROD-499,Mega Laddare 499,Beskrivning av Mega Laddare 499,5412.0,40
PROD-500,Super Telefon 500,Beskrivning av Super Telefon 500,2895.0,41
PROD-501,Snabb Skärm 501,Beskrivning av Snabb Skärm 501,1675.0,77
PROD-502,Lyxig Hörlur 502,Beskrivning av Lyxig Hörlur 502,1826.0,27
PROD-503,Smart Hörlur 503,Beskrivning av Smart Hörlur 503,7177.0,12
PROD-504,Super Telefon 504,Beskrivning av Super Telefon 504,6250.0,17
PROD-505,Smart Dator 505,Beskrivning av Smart Dator 505,1864.0,93
PROD-506,Snabb Skärm 506,Beskrivning av Snabb Skärm 506,6047.0,11
PROD-507,Ultra Mus 507,Beskrivning av Ultra Mus 507,926.0,84
PROD-508,Billig Hörlur 508,Beskrivning av Billig Hörlur 508,9518.0,24
PROD-509,Super Dator 509,Beskrivning av Super Dator 509,9838.0,12
PROD-510,Billig Skärm 510,Beskrivning av Billig Skärm 510,1890.0,103
PROD-511,Snabb Dator 511,Beskrivning av Snabb Dator 511,7979.0,85
PROD-512,Super Hörlur 512,Beskrivning av Super Hörlur 512,3950.0,82
PROD-513,Super Kabel 513,Beskrivning av Super Kabel 513,32.0,79
PROD-514,Billig Dator 514,Beskrivning av Billig Dator 514,3099.0,61
PROD-515,Billig Hörlur 515,Beskrivning av Billig Hörlur 515,3797.0,31
PROD-516,Mega Laddare 516,Beskrivning av Mega Laddare 516,6917.0,25
PROD-517,Smart Mus 517,Beskrivning av Smart Mus 517,3045.0,107
PROD-518,Mega Dator 518,Beskrivning av Mega Dator 518,8632.0,99
PROD-519,Snabb Hörlur 519,Beskrivning av Snabb Hörlur 519,1652.0,76
PROD-520,Billig Mus 520,Beskrivning av Billig Mus 520,4063.0,60
PROD-521,Lyxig Mus 521,Beskrivning av Lyxig Mus 521,1737.0,41
PROD-522,Snabb Mus 522,Beskrivning av Snabb Mus 522,7114.0,20
PROD-523,Super Hörlur 523,Beskrivning av Super Hörlur 523,7877.0,78
PROD-524,Ultra Dator 524,Beskrivning av Ultra Dator 524,3817.0,12
PROD-525,Smart Kabel 525,Beskrivning av Smart Kabel 525,3492.0,31
PROD-526,Lyxig Mus 526,Beskrivning av Lyxig Mus 526,7093.0,42
PROD-527,Super Kabel 527,Beskrivning av Super Kabel 527,9402.0,16
PROD-528,Ultra Kabel 528,Beskrivning av Ultra Kabel 528,3474.0,102
PROD-529,Billig Hörlur 529,Beskrivning av Billig Hörlur 529,5515.0,25
PROD-530,Lyxig Mus 530,Beskrivning av Lyxig Mus 530,6808.0,12
PROD-531,Mega Skärm 531,Beskrivning av Mega Skärm 531,1927.0,17
PROD-532,Smart Mus 532,Beskrivning av Smart Mus 532,1706.0,66
PROD-533,Super Mus 533,Beskrivning av Super Mus 533,8036.0,36
PROD-534,Lyxig Hörlur 534,Beskrivning av Lyxig Hörlur 534,9258.0,24
PROD-535,Snabb Telefon 535,Beskrivning av Snabb Telefon 535,42.0,46
PROD-536,Mega Mus 536,Beskrivning av Mega Mus 536,251.0,83
PROD-537,Lyxig Kabel 537,Beskrivning av Lyxig Kabel 537,8859.0,27
PROD-538,Snabb Kabel 538,Beskrivning av Snabb Kabel 538,2608.0,73
PROD-539,Billig Mus 539,Beskrivning av Billig Mus 539,8392.0,39
PROD-540,Mega Dator 540,Beskrivning av Mega Dator 540,5932.0,77
PROD-541,Smart Kabel 541,Beskrivning av Smart Kabel 541,290.0,33
PROD-542,Snabb Hörlur 542,Beskrivning av Snabb Hörlur 542,1170.0,97
PROD-543,Smart Hörlur 543,Beskrivning av Smart Hörlur 543,1399.0,86
PROD-544,Super Hörlur 544,Beskrivning av Super Hörlur 544,9388.0,21
PROD-545,Super Laddare 545,Beskrivning av Super Laddare 545,6058.0,100
PROD-546,Ultra Laddare 546,Beskrivning av Ultra Laddare 546,4343.0,51
PROD-547,Lyxig Dator 547,Beskrivning av Lyxig Dator 547,3120.0,53
PROD-548,Super Mus 548,Beskrivning av Super Mus 548,4354.0,83
PROD-549,Ultra Mus 549,Beskrivning av Ultra Mus 549,1726.0,71
PROD-550,Lyxig Telefon 550,Beskrivning av Lyxig Telefon 550,5028.0,85
PROD-551,Super Kabel 551,Beskrivning av Super Kabel 551,9193.0,19
PROD-552,Smart Dator 552,Beskrivning av Smart Dator 552,4604.0,108
PROD-553,Snabb Laddare 553,Beskrivning av Snabb Laddare 553,92.0,96
PROD-554,Snabb Skärm 554,Beskrivning av Snabb Skärm 554,4879.0,70
PROD-555,Billig Kabel 555,Beskrivning av Billig Kabel 555,2837.0,51
PROD-556,Smart Hörlur 556,Beskrivning av Smart Hörlur 556,5696.0,55
PROD-557,Ultra Skärm 557,Beskrivning av Ultra Skärm 557,8258.0,38
PROD-558,Mega Telefon 558,Beskrivning av Mega Telefon 558,5198.0,97
PROD-559,Smart Dator 559,Beskrivning av Smart Dator 559,8143.0,86
PROD-560,Smart Skärm 560,Beskrivning av Smart Skärm 560,7937.0,106
PROD-561,Snabb Hörlur 561,Beskrivning av Snabb Hörlur 561,7923.0,31
PROD-562,Billig Telefon 562,Beskrivning av Billig Telefon 562,2994.0,103
PROD-563,Billig Kabel 563,Beskrivning av Billig Kabel 563,8118.0,24
PROD-564,Mega Skärm 564,Beskrivning av Mega Skärm 564,1740.0,93
PROD-565,Ultra Dator 565,Beskrivning av Ultra Dator 565,2199.0,93
PROD-566,Snabb Dator 566,Beskrivning av Snabb Dator 566,5456.0,35
PROD-567,Snabb Skärm 567,Beskrivning av Snabb Skärm 567,3135.0,103
PROD-568,Super Mus 568,Beskrivning av Super Mus 568,1427.0,33
PROD-569,Snabb Skärm 569,Beskrivning av Snabb Skärm 569,3509.0,68
PROD-570,Super Hörlur 570,Beskrivning av Super Hörlur 570,2046.0,64
PROD-571,Super Skärm 571,Beskrivning av Super Skärm 571,322.0,109
PROD-572,Super Laddare 572,Beskrivning av Super Laddare 572,5777.0,49
PROD-573,Smart Skärm 573,Beskrivning av Smart Skärm 573,3450.0,13
PROD-574,Snabb Skärm 574,Beskrivning av Snabb Skärm 574,6958.0,109
PROD-575,Billig Kabel 575,Beskrivning av Billig Kabel 575,3416.0,53
PROD-576,Billig Dator 576,Beskrivning av Billig Dator 576,7206.0,35
PROD-577,Lyxig Mus 577,Beskrivning av Lyxig Mus 577,4526.0,88
PROD-578,Smart Hörlur 578,Beskrivning av Smart Hörlur 578,8394.0,23
PROD-579,Mega Mus 579,Beskrivning av Mega Mus 579,6783.0,54
PROD-580,Ultra Dator 580,Beskrivning av Ultra Dator 580,5218.0,55
PROD-581,Snabb Telefon 581,Beskrivning av Snabb Telefon 581,2667.0,86
PROD-582,Mega Hörlur 582,Beskrivning av Mega Hörlur 582,7382.0,14
PROD-583,Smart Skärm 583,Beskrivning av Smart Skärm 583,3099.0,25
PROD-584,Ultra Laddare 584,Beskrivning av Ultra Laddare 584,6072.0,42
PROD-585,Billig Telefon 585,Beskrivning av Billig Telefon 585,6142.0,74
PROD-586,Lyxig Skärm 586,Beskrivning av Lyxig Skärm 586,8739.0,67
PROD-587,Snabb Hörlur 587,Beskrivning av Snabb Hörlur 587,7834.0,26
PROD-588,Ultra Telefon 588,Beskrivning av Ultra Telefon 588,7005.0,47
PROD-589,Billig Mus 589,Beskrivning av Billig Mus 589,9990.0,87
PROD-590,Lyxig Hörlur 590,Beskrivning av Lyxig Hörlur 590,4169.0,38
PROD-591,Smart Dator 591,Beskrivning av Smart Dator 591,1492.0,59
PROD-592,Smart Hörlur 592,Beskrivning av Smart Hörlur 592,7749.0,97
PROD-593,Ultra Skärm 593,Beskrivning av Ultra Skärm 593,5564.0,68
PROD-594,Smart Skärm 594,Beskrivning av Smart Skärm 594,6685.0,97
PROD-595,Snabb Telefon 595,Beskrivning av Snabb Telefon 595,7763.0,98
PROD-596,Super Hörlur 596,Beskrivning av Super Hörlur 596,304.0,42
PROD-597,Snabb Mus 597,Beskrivning av Snabb Mus 597,6194.0,45
PROD-598,Smart Kabel 598,Beskrivning av Smart Kabel 598,8941.0,45
PROD-599,Billig Skärm 599,Beskrivning av Billig Skärm 599,6314.0,10
PROD-600,Lyxig Laddare 600,Beskrivning av Lyxig Laddare 600,9912.0,92
PROD-601,Ultra Kabel 601,Beskrivning av Ultra Kabel 601,3668.0,11
PROD-602,Super Laddare 602,Beskrivning av Super Laddare 602,5752.0,23
PROD-603,Super Skärm 603,Beskrivning av Super Skärm 603,1157.0,54
PROD-604,Smart Dator 604,Beskrivning av Smart Dator 604,8881.0,43
PROD-605,Ultra Telefon 605,Beskrivning av Ultra Telefon 605,8778.0,92
PROD-606,Lyxig Skärm 606,Beskrivning av Lyxig Skärm 606,2635.0,44
PROD-607,Mega Telefon 607,Beskrivning av Mega Telefon 607,83.0,75
PROD-608,Mega Laddare 608,Beskrivning av Mega Laddare 608,1813.0,104
PROD-609,Super Kabel 609,Beskrivning av Super Kabel 609,3911.0,102
PROD-610,Smart Kabel 610,Beskrivning av Smart Kabel 610,4318.0,38
PROD-611,Billig Laddare 611,Beskrivning av Billig Laddare 611,141.0,41
PROD-612,Ultra Telefon 612,Beskrivning av Ultra Telefon 612,4249.0,58
PROD-613,Super Telefon 613,Beskrivning av Super Telefon 613,1300.0,51
PROD-614,Super Mus 614,Beskrivning av Super Mus 614,1729.0,69
PROD-615,Mega Skärm 615,Beskrivning av Mega Skärm 615,9597.0,10
PROD-616,Ultra Telefon 616,Beskrivning av Ultra Telefon 616,3704.0,51
PROD-617,Mega Skärm 617,Beskrivning av Mega Skärm 617,1736.0,87
PROD-618,Smart Mus 618,Beskrivning av Smart Mus 618,7406.0,51
PROD-619,Mega Hörlur 619,Beskrivning av Mega Hörlur 619,97.0,100
PROD-620,Super Laddare 620,Beskrivning av Super Laddare 620,1535.0,11
PROD-621,Smart Hörlur 621,Beskrivning av Smart Hörlur 621,7153.0,63
PROD-622,Lyxig Kabel 622,Beskrivning av Lyxig Kabel 622,5697.0,14
PROD-623,Snabb Laddare 623,Beskrivning av Snabb Laddare 623,1527.0,82
PROD-624,Smart Dator 624,Beskrivning av Smart Dator 624,4143.0,55
PROD-625,Smart Dator 625,Beskrivning av Smart Dator 625,7951.0,59
PROD-626,Smart Telefon 626,Beskrivning av Smart Telefon 626,6855.0,73
PROD-627,Billig Skärm 627,Beskrivning av Billig Skärm 627,3156.0,59
PROD-628,Lyxig Laddare 628,Beskrivning av Lyxig Laddare 628,5967.0,90
PROD-629,Snabb Mus 629,Beskrivning av Snabb Mus 629,3008.0,96
PROD-630,Ultra Skärm 630,Beskrivning av Ultra Skärm 630,8114.0,14
PROD-631,Lyxig Kabel 631,Beskrivning av Lyxig Kabel 631,4730.0,72
PROD-632,Billig Mus 632,Beskrivning av Billig Mus 632,5987.0,54
PROD-633,Snabb Dator 633,Beskrivning av Snabb Dator 633,5783.0,101
PROD-634,Ultra Laddare 634,Beskrivning av Ultra Laddare 634,7989.0,44
PROD-635,Super Skärm 635,Beskrivning av Super Skärm 635,6384.0,81
PROD-636,Snabb Laddare 636,Beskrivning av Snabb Laddare 636,6123.0,59
PROD-637,Super Kabel 637,Beskrivning av Super Kabel 637,901.0,97
PROD-638,Billig Laddare 638,Beskrivning av Billig Laddare 638,6060.0,21
PROD-639,Smart Skärm 639,Beskrivning av Smart Skärm 639,2017.0,64
PROD-640,Super Laddare 640,Beskrivning av Super Laddare 640,1023.0,38
PROD-641,Lyxig Mus 641,Beskrivning av Lyxig Mus 641,5427.0,90
PROD-642,Mega Kabel 642,Beskrivning av Mega Kabel 642,5625.0,52
PROD-643,Billig Dator 643,Beskrivning av Billig Dator 643,8107.0,83
PROD-644,Lyxig Telefon 644,Beskrivning av Lyxig Telefon 644,6990.0,95
PROD-645,Super Laddare 645,Beskrivning av Super Laddare 645,2142.0,27
PROD-646,Ultra Dator 646,Beskrivning av Ultra Dator 646,6824.0,59
PROD-647,Mega Hörlur 647,Beskrivning av Mega Hörlur 647,5242.0,37
PROD-648,Ultra Hörlur 648,Beskrivning av Ultra Hörlur 648,6141.0,27
PROD-649,Ultra Telefon 649,Beskrivning av Ultra Telefon 649,8865.0,78
PROD-650,Super Telefon 650,Beskrivning av Super Telefon 650,5653.0,81
PROD-651,Super Laddare 651,Beskrivning av Super Laddare 651,2334.0,24
PROD-652,Super Skärm 652,Beskrivning av Super Skärm 652,3641.0,88
PROD-653,Lyxig Telefon 653,Beskrivning av Lyxig Telefon 653,7632.0,30
PROD-654,Ultra Mus 654,Beskrivning av Ultra Mus 654,5449.0,52
PROD-655,Lyxig Kabel 655,Beskrivning av Lyxig Kabel 655,3029.0,40
PROD-656,Smart Laddare 656,Beskrivning av Smart Laddare 656,1296.0,71
PROD-657,Lyxig Dator 657,Beskrivning av Lyxig Dator 657,8805.0,53
PROD-658,Super Laddare 658,Beskrivning av Super Laddare 658,6399.0,11
PROD-659,Ultra Mus 659,Beskrivning av Ultra Mus 659,4432.0,98
PROD-660,Billig Skärm 660,Beskrivning av Billig Skärm 660,4552.0,32
PROD-661,Ultra Kabel 661,Beskrivning av Ultra Kabel 661,9424.0,53
PROD-662,Ultra Laddare 662,Beskrivning av Ultra Laddare 662,308.0,77
PROD-663,Lyxig Telefon 663,Beskrivning av Lyxig Telefon 663,1905.0,20
PROD-664,Super Mus 664,Beskrivning av Super Mus 664,6288.0,51
PROD-665,Super Dator 665,Beskrivning av Super Dator 665,1376.0,62
PROD-666,Mega Telefon 666,Beskrivning av Mega Telefon 666,5434.0,51
PROD-667,Billig Dator 667,Beskrivning av Billig Dator 667,8397.0,30
PROD-668,Snabb Mus 668,Beskrivning av Snabb Mus 668,8649.0,58
PROD-669,Super Skärm 669,Beskrivning av Super Skärm 669,5292.0,25
PROD-670,Mega Hörlur 670,Beskrivning av Mega Hörlur 670,9174.0,96
PROD-671,Mega Dator 671,Beskrivning av Mega Dator 671,3757.0,82
PROD-672,Snabb Kabel 672,Beskrivning av Snabb Kabel 672,8743.0,104
PROD-673,Super Kabel 673,Beskrivning av Super Kabel 673,5939.0,78
PROD-674,Smart Hörlur 674,Beskrivning av Smart Hörlur 674,2848.0,68
PROD-675,Lyxig Dator 675,Beskrivning av Lyxig Dator 675,5036.0,31
PROD-676,Smart Skärm 676,Beskrivning av Smart Skärm 676,5932.0,18
PROD-677,Ultra Hörlur 677,Beskrivning av Ultra Hörlur 677,4847.0,62
PROD-678,Ultra Telefon 678,Beskrivning av Ultra Telefon 678,3460.0,75
PROD-679,Ultra Laddare 679,Beskrivning av Ultra Laddare 679,6146.0,54
PROD-680,Lyxig Laddare 680,Beskrivning av Lyxig Laddare 680,7820.0,24
PROD-681,Smart Telefon 681,Beskrivning av Smart Telefon 681,9060.0,72
PROD-682,Lyxig Hörlur 682,Beskrivning av Lyxig Hörlur 682,146.0,46
PROD-683,Billig Skärm 683,Beskrivning av Billig Skärm 683,8846.0,103
PROD-684,Snabb Laddare 684,Beskrivning av Snabb Laddare 684,4564.0,21
PROD-685,Billig Skärm 685,Beskrivning av Billig Skärm 685,1990.0,67
PROD-686,Super Telefon 686,Beskrivning av Super Telefon 686,6208.0,13
PROD-687,Lyxig Dator 687,Beskrivning av Lyxig Dator 687,5904.0,84
PROD-688,Lyxig Telefon 688,Beskrivning av Lyxig Telefon 688,6053.0,109
PROD-689,Snabb Kabel 689,Beskrivning av Snabb Kabel 689,2075.0,69
PROD-690,Mega Skärm 690,Beskrivning av Mega Skärm 690,5145.0,45
PROD-691,Super Telefon 691,Beskrivning av Super Telefon 691,9075.0,11
PROD-692,Lyxig Skärm 692,Beskrivning av Lyxig Skärm 692,8334.0,41
PROD-693,Mega Kabel 693,Beskrivning av Mega Kabel 693,5261.0,53
PROD-694,Billig Mus 694,Beskrivning av Billig Mus 694,4608.0,10
PROD-695,Mega Laddare 695,Beskrivning av Mega Laddare 695,5613.0,35
PROD-696,Snabb Kabel 696,Beskrivning av Snabb Kabel 696,6395.0,98
PROD-697,Smart Dator 697,Beskrivning av Smart Dator 697,2753.0,29
PROD-698,Smart Laddare 698,Beskrivning av Smart Laddare 698,9694.0,49
PROD-699,Smart Skärm 699,Beskrivning av Smart Skärm 699,5810.0,98
PROD-700,Mega Skärm 700,Beskrivning av Mega Skärm 700,4190.0,16
PROD-701,Smart Hörlur 701,Beskrivning av Smart Hörlur 701,7988.0,27
PROD-702,Ultra Laddare 702,Beskrivning av Ultra Laddare 702,358.0,67
PROD-703,Super Kabel 703,Beskrivning av Super Kabel 703,6348.0,80
PROD-704,Ultra Laddare 704,Beskrivning av Ultra Laddare 704,4395.0,60
PROD-705,Ultra Mus 705,Beskrivning av Ultra Mus 705,3843.0,47
PROD-706,Lyxig Dator 706,Beskrivning av Lyxig Dator 706,9916.0,50
PROD-707,Super Skärm 707,Beskrivning av Super Skärm 707,7231.0,54
PROD-708,Snabb Hörlur 708,Beskrivning av Snabb Hörlur 708,3168.0,84
PROD-709,Lyxig Skärm 709,Beskrivning av Lyxig Skärm 709,94.0,78
PROD-710,Snabb Dator 710,Beskrivning av Snabb Dator 710,3950.0,102
PROD-711,Billig Laddare 711,Beskrivning av Billig Laddare 711,4081.0,82
PROD-712,Snabb Telefon 712,Beskrivning av Snabb Telefon 712,8669.0,61
PROD-713,Snabb Skärm 713,Beskrivning av Snabb Skärm 713,2814.0,36
PROD-714,Smart Laddare 714,Beskrivning av Smart Laddare 714,2258.0,17
PROD-715,Mega Mus 715,Beskrivning av Mega Mus 715,4982.0,64
PROD-716,Smart Hörlur 716,Beskrivning av Smart Hörlur 716,1641.0,31
PROD-717,Smart Skärm 717,Beskrivning av Smart Skärm 717,5712.0,90
PROD-718,Mega Skärm 718,Beskrivning av Mega Skärm 718,3534.0,49
PROD-719,Mega Dator 719,Beskrivning av Mega Dator 719,1549.0,62
PROD-720,Lyxig Kabel 720,Beskrivning av Lyxig Kabel 720,3745.0,74
PROD-721,Billig Dator 721,Beskrivning av Billig Dator 721,4678.0,72
PROD-722,Lyxig Kabel 722,Beskrivning av Lyxig Kabel 722,9088.0,68
PROD-723,Smart Telefon 723,Beskrivning av Smart Telefon 723,1233.0,83
PROD-724,Snabb Telefon 724,Beskrivning av Snabb Telefon 724,2364.0,20
PROD-725,Smart Mus 725,Beskrivning av Smart Mus 725,9334.0,51
PROD-726,Lyxig Skärm 726,Beskrivning av Lyxig Skärm 726,4592.0,30
PROD-727,Smart Telefon 727,Beskrivning av Smart Telefon 727,3945.0,28
PROD-728,Mega Laddare 728,Beskrivning av Mega Laddare 728,7079.0,56
PROD-729,Super Telefon 729,Beskrivning av Super Telefon 729,2521.0,78
PROD-730,Smart Skärm 730,Beskrivning av Smart Skärm 730,3464.0,81
PROD-731,Smart Kabel 731,Beskrivning av Smart Kabel 731,6362.0,77
PROD-732,Lyxig Hörlur 732,Beskrivning av Lyxig Hörlur 732,2819.0,24
PROD-733,Ultra Kabel 733,Beskrivning av Ultra Kabel 733,1425.0,88
PROD-734,Ultra Mus 734,Beskrivning av Ultra Mus 734,7215.0,71
PROD-735,Mega Mus 735,Beskrivning av Mega Mus 735,425.0,72
PROD-736,Super Laddare 736,Beskrivning av Super Laddare 736,5690.0,82
PROD-737,Snabb Kabel 737,Beskrivning av Snabb Kabel 737,5256.0,67
PROD-738,Lyxig Kabel 738,Beskrivning av Lyxig Kabel 738,3158.0,75
PROD-739,Snabb Hörlur 739,Beskrivning av Snabb Hörlur 739,5617.0,83
PROD-740,Smart Laddare 740,Beskrivning av Smart Laddare 740,6362.0,109
PROD-741,Snabb Laddare 741,Beskrivning av Snabb Laddare 741,9028.0,58
PROD-742,Snabb Kabel 742,Beskrivning av Snabb Kabel 742,1269.0,19
PROD-743,Billig Mus 743,Beskrivning av Billig Mus 743,9202.0,89
PROD-744,Billig Hörlur 744,Beskrivning av Billig Hörlur 744,3362.0,32
PROD-745,Ultra Mus 745,Beskrivning av Ultra Mus 745,5622.0,27
PROD-746,Smart Dator 746,Beskrivning av Smart Dator 746,7496.0,58
PROD-747,Lyxig Mus 747,Beskrivning av Lyxig Mus 747,3147.0,100
PROD-748,Lyxig Kabel 748,Beskrivning av Lyxig Kabel 748,7543.0,101
PROD-749,Ultra Mus 749,Beskrivning av Ultra Mus 749,2181.0,100
PROD-750,Super Laddare 750,Beskrivning av Super Laddare 750,5456.0,63
PROD-751,Lyxig Skärm 751,Beskrivning av Lyxig Skärm 751,1990.0,68
PROD-752,Snabb Hörlur 752,Beskrivning av Snabb Hörlur 752,839.0,50
PROD-753,Ultra Skärm 753,Beskrivning av Ultra Skärm 753,9145.0,109
PROD-754,Mega Telefon 754,Beskrivning av Mega Telefon 754,6530.0,99
PROD-755,Super Skärm 755,Beskrivning av Super Skärm 755,4269.0,61
PROD-756,Ultra Kabel 756,Beskrivning av Ultra Kabel 756,6935.0,14
PROD-757,Mega Hörlur 757,Beskrivning av Mega Hörlur 757,2450.0,47
PROD-758,Billig Telefon 758,Beskrivning av Billig Telefon 758,7671.0,109
PROD-759,Mega Kabel 759,Beskrivning av Mega Kabel 759,8028.0,80
PROD-760,Billig Dator 760,Beskrivning av Billig Dator 760,3397.0,92
PROD-761,Smart Skärm 761,Beskrivning av Smart Skärm 761,9745.0,66
PROD-762,Billig Dator 762,Beskrivning av Billig Dator 762,3148.0,36
PROD-763,Super Skärm 763,Beskrivning av Super Skärm 763,5958.0,90
PROD-764,Snabb Skärm 764,Beskrivning av Snabb Skärm 764,9819.0,62
PROD-765,Snabb Dator 765,Beskrivning av Snabb Dator 765,618.0,63
PROD-766,Mega Laddare 766,Beskrivning av Mega Laddare 766,2950.0,102
PROD-767,Super Telefon 767,Beskrivning av Super Telefon 767,5031.0,70
PROD-768,Super Mus 768,Beskrivning av Super Mus 768,1218.0,63
PROD-769,Mega Laddare 769,Beskrivning av Mega Laddare 769,3200.0,34
PROD-770,Snabb Mus 770,Beskrivning av Snabb Mus 770,7636.0,51
PROD-771,Lyxig Laddare 771,Beskrivning av Lyxig Laddare 771,1898.0,22
PROD-772,Mega Mus 772,Beskrivning av Mega Mus 772,8325.0,80
PROD-773,Lyxig Mus 773,Beskrivning av Lyxig Mus 773,2658.0,68
PROD-774,Lyxig Telefon 774,Beskrivning av Lyxig Telefon 774,8723.0,15
PROD-775,Super Laddare 775,Beskrivning av Super Laddare 775,5965.0,74
PROD-776,Billig Hörlur 776,Beskrivning av Billig Hörlur 776,3970.0,17
PROD-777,Ultra Telefon 777,Beskrivning av Ultra Telefon 777,634.0,20
PROD-778,Lyxig Kabel 778,Beskrivning av Lyxig Kabel 778,1461.0,90
PROD-779,Smart Laddare 779,Beskrivning av Smart Laddare 779,5283.0,43
PROD-780,Super Skärm 780,Beskrivning av Super Skärm 780,33.0,16
PROD-781,Lyxig Skärm 781,Beskrivning av Lyxig Skärm 781,1936.0,101
PROD-782,Mega Dator 782,Beskrivning av Mega Dator 782,1592.0,71
PROD-783,Billig Laddare 783,Beskrivning av Billig Laddare 783,2522.0,47
PROD-784,Ultra Dator 784,Beskrivning av Ultra Dator 784,1224.0,24
PROD-785,Lyxig Skärm 785,Beskrivning av Lyxig Skärm 785,6361.0,93
PROD-786,Ultra Skärm 786,Beskrivning av Ultra Skärm 786,728.0,27
PROD-787,Ultra Telefon 787,Beskrivning av Ultra Telefon 787,477.0,50
PROD-788,Ultra Hörlur 788,Beskrivning av Ultra Hörlur 788,7049.0,67
PROD-789,Billig Kabel 789,Beskrivning av Billig Kabel 789,3213.0,74
PROD-790,Billig Laddare 790,Beskrivning av Billig Laddare 790,4527.0,78
PROD-791,Ultra Dator 791,Beskrivning av Ultra Dator 791,8105.0,74
PROD-792,Lyxig Skärm 792,Beskrivning av Lyxig Skärm 792,954.0,39
PROD-793,Ultra Mus 793,Beskrivning av Ultra Mus 793,9002.0,56
PROD-794,Lyxig Laddare 794,Beskrivning av Lyxig Laddare 794,5032.0,61
PROD-795,Lyxig Telefon 795,Beskrivning av Lyxig Telefon 795,1871.0,66
PROD-796,Smart Skärm 796,Beskrivning av Smart Skärm 796,5100.0,95
PROD-797,Super Mus 797,Beskrivning av Super Mus 797,5647.0,57
PROD-798,Super Telefon 798,Beskrivning av Super Telefon 798,1912.0,68
PROD-799,Ultra Mus 799,Beskrivning av Ultra Mus 799,4185.0,75
PROD-800,Billig Kabel 800,Beskrivning av Billig Kabel 800,9944.0,22
PROD-801,Snabb Dator 801,Beskrivning av Snabb Dator 801,7050.0,95
PROD-802,Lyxig Skärm 802,Beskrivning av Lyxig Skärm 802,2896.0,109
PROD-803,Mega Kabel 803,Beskrivning av Mega Kabel 803,4444.0,57
PROD-804,Lyxig Telefon 804,Beskrivning av Lyxig Telefon 804,2803.0,10
PROD-805,Super Kabel 805,Beskrivning av Super Kabel 805,7794.0,100
PROD-806,Smart Skärm 806,Beskrivning av Smart Skärm 806,5808.0,41
PROD-807,Billig Kabel 807,Beskrivning av Billig Kabel 807,5996.0,57
PROD-808,Snabb Mus 808,Beskrivning av Snabb Mus 808,2689.0,37
PROD-809,Lyxig Laddare 809,Beskrivning av Lyxig Laddare 809,8064.0,91
PROD-810,Smart Mus 810,Beskrivning av Smart Mus 810,9195.0,89
PROD-811,Ultra Dator 811,Beskrivning av Ultra Dator 811,2659.0,51
PROD-812,Smart Mus 812,Beskrivning av Smart Mus 812,4256.0,87
PROD-813,Ultra Dator 813,Beskrivning av Ultra Dator 813,5472.0,44
PROD-814,Lyxig Hörlur 814,Beskrivning av Lyxig Hörlur 814,9377.0,46
PROD-815,Lyxig Hörlur 815,Beskrivning av Lyxig Hörlur 815,8033.0,105
PROD-816,Super Laddare 816,Beskrivning av Super Laddare 816,8745.0,93
PROD-817,Mega Laddare 817,Beskrivning av Mega Laddare 817,1742.0,79
PROD-818,Super Kabel 818,Beskrivning av Super Kabel 818,9141.0,83
PROD-819,Snabb Laddare 819,Beskrivning av Snabb Laddare 819,178.0,90
PROD-820,Billig Telefon 820,Beskrivning av Billig Telefon 820,1766.0,78
PROD-821,Billig Skärm 821,Beskrivning av Billig Skärm 821,4127.0,28
PROD-822,Smart Skärm 822,Beskrivning av Smart Skärm 822,1605.0,33
PROD-823,Super Skärm 823,Beskrivning av Super Skärm 823,2830.0,23
PROD-824,Super Telefon 824,Beskrivning av Super Telefon 824,1720.0,44
PROD-825,Smart Hörlur 825,Beskrivning av Smart Hörlur 825,128.0,109
PROD-826,Smart Dator 826,Beskrivning av Smart Dator 826,4501.0,13
PROD-827,Smart Skärm 827,Beskrivning av Smart Skärm 827,4875.0,28
PROD-828,Ultra Telefon 828,Beskrivning av Ultra Telefon 828,2383.0,83
PROD-829,Lyxig Laddare 829,Beskrivning av Lyxig Laddare 829,1291.0,109
PROD-830,Ultra Skärm 830,Beskrivning av Ultra Skärm 830,9368.0,44
PROD-831,Ultra Skärm 831,Beskrivning av Ultra Skärm 831,5992.0,102
PROD-832,Mega Hörlur 832,Beskrivning av Mega Hörlur 832,378.0,64
PROD-833,Super Kabel 833,Beskrivning av Super Kabel 833,8766.0,86
PROD-834,Billig Mus 834,Beskrivning av Billig Mus 834,2599.0,25
PROD-835,Super Dator 835,Beskrivning av Super Dator 835,1240.0,61
PROD-836,Lyxig Skärm 836,Beskrivning av Lyxig Skärm 836,7447.0,50
PROD-837,Mega Laddare 837,Beskrivning av Mega Laddare 837,69.0,47
PROD-838,Super Hörlur 838,Beskrivning av Super Hörlur 838,991.0,70
PROD-839,Lyxig Skärm 839,Beskrivning av Lyxig Skärm 839,4018.0,55
PROD-840,Mega Mus 840,Beskrivning av Mega Mus 840,4637.0,12
PROD-841,Ultra Telefon 841,Beskrivning av Ultra Telefon 841,7863.0,50
PROD-842,Snabb Laddare 842,Beskrivning av Snabb Laddare 842,7949.0,42
PROD-843,Lyxig Mus 843,Beskrivning av Lyxig Mus 843,4853.0,99
PROD-844,Mega Laddare 844,Beskrivning av Mega Laddare 844,9093.0,39
PROD-845,Mega Mus 845,Beskrivning av Mega Mus 845,9114.0,105
PROD-846,Ultra Skärm 846,Beskrivning av Ultra Skärm 846,3375.0,95
PROD-847,Smart Mus 847,Beskrivning av Smart Mus 847,2200.0,78
PROD-848,Mega Telefon 848,Beskrivning av Mega Telefon 848,9889.0,56
PROD-849,Super Hörlur 849,Beskrivning av Super Hörlur 849,4254.0,108
PROD-850,Lyxig Hörlur 850,Beskrivning av Lyxig Hörlur 850,9754.0,88
PROD-851,Snabb Mus 851,Beskrivning av Snabb Mus 851,1236.0,32
PROD-852,Super Skärm 852,Beskrivning av Super Skärm 852,3767.0,11
PROD-853,Lyxig Skärm 853,Beskrivning av Lyxig Skärm 853,1051.0,48
PROD-854,Billig Kabel 854,Beskrivning av Billig Kabel 854,4126.0,103
PROD-855,Mega Kabel 855,Beskrivning av Mega Kabel 855,8737.0,54
PROD-856,Snabb Skärm 856,Beskrivning av Snabb Skärm 856,3742.0,36
PROD-857,Snabb Telefon 857,Beskrivning av Snabb Telefon 857,662.0,105
PROD-858,Billig Laddare 858,Beskrivning av Billig Laddare 858,8873.0,20
PROD-859,Super Telefon 859,Beskrivning av Super Telefon 859,9058.0,76
PROD-860,Snabb Dator 860,Beskrivning av Snabb Dator 860,8798.0,41
PROD-861,Smart Kabel 861,Beskrivning av Smart Kabel 861,9576.0,76
PROD-862,Billig Dator 862,Beskrivning av Billig Dator 862,7311.0,87
PROD-863,Lyxig Skärm 863,Beskrivning av Lyxig Skärm 863,8713.0,12
PROD-864,Snabb Laddare 864,Beskrivning av Snabb Laddare 864,3611.0,36
PROD-865,Smart Kabel 865,Beskrivning av Smart Kabel 865,2039.0,68
PROD-866,Snabb Kabel 866,Beskrivning av Snabb Kabel 866,534.0,20
PROD-867,Snabb Dator 867,Beskrivning av Snabb Dator 867,2279.0,104
PROD-868,Super Skärm 868,Beskrivning av Super Skärm 868,6242.0,97
PROD-869,Lyxig Laddare 869,Beskrivning av Lyxig Laddare 869,6125.0,96
PROD-870,Lyxig Telefon 870,Beskrivning av Lyxig Telefon 870,4252.0,105
PROD-871,Lyxig Laddare 871,Beskrivning av Lyxig Laddare 871,7296.0,68
PROD-872,Super Skärm 872,Beskrivning av Super Skärm 872,7119.0,13
PROD-873,Mega Hörlur 873,Beskrivning av Mega Hörlur 873,5859.0,22
PROD-874,Snabb Hörlur 874,Beskrivning av Snabb Hörlur 874,9939.0,70
PROD-875,Ultra Mus 875,Beskrivning av Ultra Mus 875,6138.0,96
PROD-876,Super Laddare 876,Beskrivning av Super Laddare 876,6369.0,39
PROD-877,Lyxig Mus 877,Beskrivning av Lyxig Mus 877,7933.0,65
PROD-878,Snabb Telefon 878,Beskrivning av Snabb Telefon 878,7867.0,47
PROD-879,Lyxig Laddare 879,Beskrivning av Lyxig Laddare 879,197.0,61
PROD-880,Super Telefon 880,Beskrivning av Super Telefon 880,45.0,45
PROD-881,Snabb Telefon 881,Beskrivning av Snabb Telefon 881,6230.0,75
PROD-882,Mega Kabel 882,Beskrivning av Mega Kabel 882,265.0,20
PROD-883,Ultra Telefon 883,Beskrivning av Ultra Telefon 883,8204.0,36
PROD-884,Mega Kabel 884,Beskrivning av Mega Kabel 884,5028.0,107
PROD-885,Lyxig Skärm 885,Beskrivning av Lyxig Skärm 885,5623.0,107
PROD-886,Smart Hörlur 886,Beskrivning av Smart Hörlur 886,1903.0,44
PROD-887,Smart Skärm 887,Beskrivning av Smart Skärm 887,6171.0,96
PROD-888,Lyxig Telefon 888,Beskrivning av Lyxig Telefon 888,3512.0,26
PROD-889,Billig Mus 889,Beskrivning av Billig Mus 889,1932.0,34
PROD-890,Mega Laddare 890,Beskrivning av Mega Laddare 890,6666.0,40
PROD-891,Billig Skärm 891,Beskrivning av Billig Skärm 891,1135.0,19
PROD-892,Smart Laddare 892,Beskrivning av Smart Laddare 892,7426.0,45
PROD-893,Mega Dator 893,Beskrivning av Mega Dator 893,2621.0,17
PROD-894,Smart Kabel 894,Beskrivning av Smart Kabel 894,3978.0,32
PROD-895,Snabb Hörlur 895,Beskrivning av Snabb Hörlur 895,91.0,100
PROD-896,Mega Hörlur 896,Beskrivning av Mega Hörlur 896,2355.0,83
PROD-897,Snabb Laddare 897,Beskrivning av Snabb Laddare 897,1591.0,105
PROD-898,Ultra Dator 898,Beskrivning av Ultra Dator 898,3114.0,25
PROD-899,Snabb Skärm 899,Beskrivning av Snabb Skärm 899,5960.0,14
PROD-900,Super Laddare 900,Beskrivning av Super Laddare 900,9155.0,90
PROD-901,Lyxig Hörlur 901,Beskrivning av Lyxig Hörlur 901,225.0,48
PROD-902,Lyxig Dator 902,Beskrivning av Lyxig Dator 902,111.0,87
PROD-903,Lyxig Skärm 903,Beskrivning av Lyxig Skärm 903,1715.0,107
PROD-904,Snabb Hörlur 904,Beskrivning av Snabb Hörlur 904,5742.0,32
PROD-905,Ultra Dator 905,Beskrivning av Ultra Dator 905,2946.0,37
PROD-906,Lyxig Hörlur 906,Beskrivning av Lyxig Hörlur 906,4928.0,20
PROD-907,Ultra Laddare 907,Beskrivning av Ultra Laddare 907,4470.0,81
PROD-908,Smart Mus 908,Beskrivning av Smart Mus 908,6951.0,88
PROD-909,Super Hörlur 909,Beskrivning av Super Hörlur 909,5054.0,103
PROD-910,Smart Kabel 910,Beskrivning av Smart Kabel 910,6499.0,78
PROD-911,Ultra Hörlur 911,Beskrivning av Ultra Hörlur 911,4779.0,55
PROD-912,Mega Dator 912,Beskrivning av Mega Dator 912,2560.0,13
PROD-913,Mega Dator 913,Beskrivning av Mega Dator 913,9061.0,29
PROD-914,Ultra Dator 914,Beskrivning av Ultra Dator 914,4041.0,107
PROD-915,Smart Hörlur 915,Beskrivning av Smart Hörlur 915,2147.0,91
PROD-916,Lyxig Skärm 916,Beskrivning av Lyxig Skärm 916,6509.0,77
PROD-917,Lyxig Kabel 917,Beskrivning av Lyxig Kabel 917,1819.0,36
PROD-918,Lyxig Kabel 918,Beskrivning av Lyxig Kabel 918,2148.0,55
PROD-919,Snabb Kabel 919,Beskrivning av Snabb Kabel 919,8706.0,56
PROD-920,Super Skärm 920,Beskrivning av Super Skärm 920,2235.0,23
PROD-921,Billig Mus 921,Beskrivning av Billig Mus 921,8493.0,83
PROD-922,Smart Dator 922,Beskrivning av Smart Dator 922,403.0,16
PROD-923,Ultra Dator 923,Beskrivning av Ultra Dator 923,2855.0,109
PROD-924,Lyxig Mus 924,Beskrivning av Lyxig Mus 924,3369.0,40
PROD-925,Smart Skärm 925,Beskrivning av Smart Skärm 925,8418.0,17
PROD-926,Snabb Telefon 926,Beskrivning av Snabb Telefon 926,6390.0,68
PROD-927,Mega Laddare 927,Beskrivning av Mega Laddare 927,3497.0,75
PROD-928,Ultra Dator 928,Beskrivning av Ultra Dator 928,3863.0,12
PROD-929,Snabb Dator 929,Beskrivning av Snabb Dator 929,9561.0,40
PROD-930,Smart Telefon 930,Beskrivning av Smart Telefon 930,8948.0,77
PROD-931,Smart Hörlur 931,Beskrivning av Smart Hörlur 931,8077.0,74
PROD-932,Smart Mus 932,Beskrivning av Smart Mus 932,7988.0,33
PROD-933,Super Dator 933,Beskrivning av Super Dator 933,6444.0,10
PROD-934,Lyxig Laddare 934,Beskrivning av Lyxig Laddare 934,99.0,52
PROD-935,Super Kabel 935,Beskrivning av Super Kabel 935,7605.0,84
PROD-936,Snabb Laddare 936,Beskrivning av Snabb Laddare 936,7079.0,82
PROD-937,Ultra Kabel 937,Beskrivning av Ultra Kabel 937,1431.0,99
PROD-938,Super Hörlur 938,Beskrivning av Super Hörlur 938,6296.0,32
PROD-939,Super Telefon 939,Beskrivning av Super Telefon 939,1277.0,47
PROD-940,Ultra Laddare 940,Beskrivning av Ultra Laddare 940,3470.0,41
PROD-941,Mega Telefon 941,Beskrivning av Mega Telefon 941,836.0,64
PROD-942,Lyxig Skärm 942,Beskrivning av Lyxig Skärm 942,1310.0,106
PROD-943,Lyxig Telefon 943,Beskrivning av Lyxig Telefon 943,2324.0,87
PROD-944,Ultra Mus 944,Beskrivning av Ultra Mus 944,4933.0,104
PROD-945,Billig Mus 945,Beskrivning av Billig Mus 945,6140.0,41
PROD-946,Smart Dator 946,Beskrivning av Smart Dator 946,3176.0,104
PROD-947,Billig Skärm 947,Beskrivning av Billig Skärm 947,2866.0,100
PROD-948,Ultra Hörlur 948,Beskrivning av Ultra Hörlur 948,695.0,78
PROD-949,Smart Kabel 949,Beskrivning av Smart Kabel 949,1468.0,63
PROD-950,Snabb Skärm 950,Beskrivning av Snabb Skärm 950,8893.0,37
PROD-951,Lyxig Kabel 951,Beskrivning av Lyxig Kabel 951,2676.0,107
PROD-952,Lyxig Skärm 952,Beskrivning av Lyxig Skärm 952,5070.0,82
PROD-953,Mega Telefon 953,Beskrivning av Mega Telefon 953,7632.0,102
PROD-954,Smart Laddare 954,Beskrivning av Smart Laddare 954,9293.0,82
PROD-955,Mega Dator 955,Beskrivning av Mega Dator 955,7413.0,65
PROD-956,Smart Mus 956,Beskrivning av Smart Mus 956,9882.0,102
PROD-957,Super Laddare 957,Beskrivning av Super Laddare 957,3854.0,83
PROD-958,Billig Laddare 958,Beskrivning av Billig Laddare 958,6652.0,74
PROD-959,Lyxig Hörlur 959,Beskrivning av Lyxig Hörlur 959,7326.0,93
PROD-960,Snabb Dator 960,Beskrivning av Snabb Dator 960,2494.0,92
PROD-961,Snabb Dator 961,Beskrivning av Snabb Dator 961,1249.0,45
PROD-962,Super Kabel 962,Beskrivning av Super Kabel 962,8245.0,92
PROD-963,Ultra Telefon 963,Beskrivning av Ultra Telefon 963,4894.0,45
PROD-964,Mega Mus 964,Beskrivning av Mega Mus 964,2470.0,51
PROD-965,Mega Laddare 965,Beskrivning av Mega Laddare 965,5111.0,27
PROD-966,Lyxig Mus 966,Beskrivning av Lyxig Mus 966,2039.0,86
PROD-967,Lyxig Laddare 967,Beskrivning av Lyxig Laddare 967,6010.0,40
PROD-968,Snabb Skärm 968,Beskrivning av Snabb Skärm 968,8093.0,106
PROD-969,Ultra Hörlur 969,Beskrivning av Ultra Hörlur 969,4047.0,83
PROD-970,Smart Dator 970,Beskrivning av Smart Dator 970,645.0,91
PROD-971,Ultra Kabel 971,Beskrivning av Ultra Kabel 971,476.0,33
PROD-972,Mega Mus 972,Beskrivning av Mega Mus 972,2965.0,103
PROD-973,Snabb Skärm 973,Beskrivning av Snabb Skärm 973,9204.0,56
PROD-974,Mega Hörlur 974,Beskrivning av Mega Hörlur 974,5730.0,10
PROD-975,Mega Kabel 975,Beskrivning av Mega Kabel 975,8827.0,49
PROD-976,Smart Laddare 976,Beskrivning av Smart Laddare 976,1753.0,105
PROD-977,Super Telefon 977,Beskrivning av Super Telefon 977,5430.0,48
PROD-978,Lyxig Kabel 978,Beskrivning av Lyxig Kabel 978,7353.0,32
PROD-979,Smart Mus 979,Beskrivning av Smart Mus 979,1883.0,68
PROD-980,Ultra Telefon 980,Beskrivning av Ultra Telefon 980,7831.0,109
PROD-981,Billig Skärm 981,Beskrivning av Billig Skärm 981,3923.0,41
PROD-982,Billig Hörlur 982,Beskrivning av Billig Hörlur 982,8803.0,93
PROD-983,Mega Laddare 983,Beskrivning av Mega Laddare 983,6126.0,68
PROD-984,Lyxig Skärm 984,Beskrivning av Lyxig Skärm 984,554.0,72
PROD-985,Ultra Mus 985,Beskrivning av Ultra Mus 985,8342.0,55
PROD-986,Billig Skärm 986,Beskrivning av Billig Skärm 986,1975.0,30
PROD-987,Snabb Hörlur 987,Beskrivning av Snabb Hörlur 987,5312.0,19
PROD-988,Super Dator 988,Beskrivning av Super Dator 988,4381.0,34
PROD-989,Billig Telefon 989,Beskrivning av Billig Telefon 989,7219.0,16
PROD-990,Billig Skärm 990,Beskrivning av Billig Skärm 990,1009.0,95
PROD-991,Lyxig Mus 991,Beskrivning av Lyxig Mus 991,997.0,89
PROD-992,Ultra Kabel 992,Beskrivning av Ultra Kabel 992,5957.0,66
PROD-993,Smart Kabel 993,Beskrivning av Smart Kabel 993,1237.0,41
PROD-994,Snabb Hörlur 994,Beskrivning av Snabb Hörlur 994,5312.0,105
PROD-995,Ultra Telefon 995,Beskrivning av Ultra Telefon 995,5578.0,106
PROD-996,Mega Hörlur 996,Beskrivning av Mega Hörlur 996,9645.0,84
PROD-997,Ultra Kabel 997,Beskrivning av Ultra Kabel 997,5342.0,58
PROD-998,Smart Mus 998,Beskrivning av Smart Mus 998,6464.0,44
PROD-999,Snabb Skärm 999,Beskrivning av Snabb Skärm 999,8103.0,83
PROD-1000,Ultra Telefon 1000,Beskrivning av Ultra Telefon 1000,5523.0,33
